-- phpMyAdmin SQL Dump
-- version 5.2.1
-- https://www.phpmyadmin.net/
--
-- Host: 127.0.0.1
-- Generation Time: Oct 12, 2023 at 12:19 PM
-- Server version: 10.4.28-MariaDB
-- PHP Version: 8.1.17

SET SQL_MODE = "NO_AUTO_VALUE_ON_ZERO";
START TRANSACTION;
SET time_zone = "+00:00";


/*!40101 SET @OLD_CHARACTER_SET_CLIENT=@@CHARACTER_SET_CLIENT */;
/*!40101 SET @OLD_CHARACTER_SET_RESULTS=@@CHARACTER_SET_RESULTS */;
/*!40101 SET @OLD_COLLATION_CONNECTION=@@COLLATION_CONNECTION */;
/*!40101 SET NAMES utf8mb4 */;

--
-- Database: `cms`
--

-- --------------------------------------------------------

--
-- Table structure for table `appearances`
--

CREATE TABLE `appearances` (
  `id` bigint(20) UNSIGNED NOT NULL,
  `title` varchar(255) NOT NULL,
  `created_by` int(11) NOT NULL,
  `category_id` int(11) NOT NULL,
  `slug` varchar(255) DEFAULT NULL,
  `created_at` timestamp NULL DEFAULT NULL,
  `updated_at` timestamp NULL DEFAULT NULL
) ENGINE=InnoDB DEFAULT CHARSET=utf8mb4 COLLATE=utf8mb4_unicode_ci;

-- --------------------------------------------------------

--
-- Table structure for table `categories`
--

CREATE TABLE `categories` (
  `id` bigint(20) UNSIGNED NOT NULL,
  `title` varchar(255) NOT NULL,
  `description` varchar(255) DEFAULT NULL,
  `image` varchar(255) DEFAULT NULL,
  `status` varchar(255) NOT NULL DEFAULT '0',
  `slug` varchar(255) DEFAULT NULL,
  `created_at` timestamp NULL DEFAULT NULL,
  `updated_at` timestamp NULL DEFAULT NULL
) ENGINE=InnoDB DEFAULT CHARSET=utf8mb4 COLLATE=utf8mb4_unicode_ci;

--
-- Dumping data for table `categories`
--

INSERT INTO `categories` (`id`, `title`, `description`, `image`, `status`, `slug`, `created_at`, `updated_at`) VALUES
(7, 'Web Developer', '<p>Training</p>', '16964170111353120597.png', '1', 'training', '2023-10-04 17:56:51', '2023-10-10 19:39:50'),
(8, 'Cleaning', '<p>Cleaning</p>', '16965061833012569709.svg', '1', 'cleaning', '2023-10-05 18:43:03', '2023-10-05 18:43:03');

-- --------------------------------------------------------

--
-- Table structure for table `companies`
--

CREATE TABLE `companies` (
  `id` bigint(20) UNSIGNED NOT NULL,
  `created_by` int(11) NOT NULL,
  `companiesname` varchar(255) NOT NULL,
  `created_at` timestamp NULL DEFAULT NULL,
  `updated_at` timestamp NULL DEFAULT NULL
) ENGINE=InnoDB DEFAULT CHARSET=utf8mb4 COLLATE=utf8mb4_unicode_ci;

--
-- Dumping data for table `companies`
--

INSERT INTO `companies` (`id`, `created_by`, `companiesname`, `created_at`, `updated_at`) VALUES
(3, 6, 'Liebr', '2023-10-05 21:00:15', '2023-10-05 21:00:15'),
(4, 6, 'Pixels Soft', '2023-10-05 21:04:02', '2023-10-05 21:04:02'),
(5, 6, 'Huzaifa', '2023-10-05 21:04:07', '2023-10-05 21:04:07'),
(6, 6, 'Naveed', '2023-10-05 21:04:12', '2023-10-05 21:04:12'),
(7, 6, 'Taha', '2023-10-05 21:18:01', '2023-10-05 21:18:01');

-- --------------------------------------------------------

--
-- Table structure for table `failed_jobs`
--

CREATE TABLE `failed_jobs` (
  `id` bigint(20) UNSIGNED NOT NULL,
  `uuid` varchar(255) NOT NULL,
  `connection` text NOT NULL,
  `queue` text NOT NULL,
  `payload` longtext NOT NULL,
  `exception` longtext NOT NULL,
  `failed_at` timestamp NOT NULL DEFAULT current_timestamp()
) ENGINE=InnoDB DEFAULT CHARSET=utf8mb4 COLLATE=utf8mb4_unicode_ci;

-- --------------------------------------------------------

--
-- Table structure for table `flex_pools`
--

CREATE TABLE `flex_pools` (
  `id` bigint(20) UNSIGNED NOT NULL,
  `created_by` int(11) NOT NULL,
  `client_id` int(11) NOT NULL,
  `category_id` int(11) NOT NULL,
  `flexpoolname` varchar(255) NOT NULL,
  `created_at` timestamp NULL DEFAULT NULL,
  `updated_at` timestamp NULL DEFAULT NULL
) ENGINE=InnoDB DEFAULT CHARSET=utf8mb4 COLLATE=utf8mb4_unicode_ci;

--
-- Dumping data for table `flex_pools`
--

INSERT INTO `flex_pools` (`id`, `created_by`, `client_id`, `category_id`, `flexpoolname`, `created_at`, `updated_at`) VALUES
(5, 6, 1, 7, 'Huzaifa 2', '2023-10-05 17:34:50', '2023-10-05 18:34:00');

-- --------------------------------------------------------

--
-- Table structure for table `lafasta_access`
--

CREATE TABLE `lafasta_access` (
  `id` bigint(20) UNSIGNED NOT NULL,
  `access_token` longtext DEFAULT NULL,
  `token_type` varchar(255) NOT NULL,
  `access_token_expires` varchar(255) NOT NULL,
  `refresh_token` longtext DEFAULT NULL,
  `refresh_token_expires` varchar(255) NOT NULL,
  `created_at` timestamp NULL DEFAULT NULL,
  `updated_at` timestamp NULL DEFAULT NULL
) ENGINE=InnoDB DEFAULT CHARSET=utf8mb4 COLLATE=utf8mb4_unicode_ci;

--
-- Dumping data for table `lafasta_access`
--

INSERT INTO `lafasta_access` (`id`, `access_token`, `token_type`, `access_token_expires`, `refresh_token`, `refresh_token_expires`, `created_at`, `updated_at`) VALUES
(1, 'D7okwxkAPd5rkVws5hU4vmHSk1AGhSf6qCHWl8eiLGWZn2cloCSWsmhgqgr-tPgoti_F24NzBqfoZNDNJAa-ZYZOODLoIN2oIAhwVr0kON6bzwJy9mMkLLRsJAHJ7WRgseXFPxd9r2qjWjN6jacdpoI9FuO35Pd2c5auC_Xn_FF4_veG5zvnixiHms6vcpJJj2tEl0_X6JjvnOqLgaO-qqn79EYOqZZ6CCcqCia4qrHuN3Zd4fG73H3_YD_SSucV6EG6VcDF0bkAUHNSYKggUwTyWpSkV5Z8G5lSJUqr1MtdZPWZRGPAqTUDoUUq2DgtK9jRIisAAqgEMyJNjPaHdAyE3sWJ7aklKiNLBGdP3SfQqxEjB19xJuMhG6t3Y5OFjMapKUbGOQn-UvElcE0piW7icnIWB37_zlnaDcbEYD8h3fDKdNPrIF5C8qb0NKXNvig4S1-nBeXkxojyHe30NsorTQbOP0QWt8uR0BBgn7_EIf7gFSJuf7YiyO0wOSc-Xrx5YOp1M6W_fsf67yHVzPqseRY', 'bearer', '10/20/2023 11:59:15 AM', 'iYMkD4In5WPmcWzPdA-2AbCiE6E0qb12ZBz2OW96uVirwQ2gO_GhndDwLJJAPI1qrj22-GcNky15LNsorddmPXoUD4Pe99O9NAW5qC_3lKgAA1TYY0lSAcF5UuOPDn5sIW33A1jqX65nSHtBo46nrY-WalZsR488SUfporX3nhR3Ct6-q_lYJO9CNTVTLsBGrQUyTmuILW6KX7f8E1g1irDVot915PaCOPCepWFiyHPyJWMES70KrcfhporKYfVisX_UNjwuF-6OxLjqLdC4vaVkbZU7T2If85U_0GdW05Wn4bmv_IxVSTvVNb65euwHmrtHHuOnEoDOkSWk_UfzlXaMD3gs2Fs183JeiUJ1A2-D8JKhpE7nY5M_ANHN5VbldR7gDIkuFKq-J7IL0Noo4kFpGmpJ0DEekoxP4SEJWKs4RJrS4-Kzo8BzBtd8oCvyScyvhVwc2HFkfl5QWtVMU9Jw-zrOyAnczhoiuSqlfX4ElZMif-7ywMuQdtZosDyP-ZILAfHFE0abDjxproUVVGltqi8', '10/20/2024 11:59:15 AM', '2022-10-20 03:59:53', '2022-10-20 03:59:53'),
(2, '59bjc8Ihc5r4UIKIFI9-R3rCmgvotbS5OcMuisdt6W-9uJ4yhzhW-2nI1fw4K1itO0PKv8JwDLfeQK1zVoiv9w5ZrmkiBXtHPBxTzOTPdicuppTzSIujGjP4PW4N7DvHBQTx1Vln6DIIsmSoLqtT0cRizEfNnzzoso5NK9Txyoqj5UP2kgdiWabCMvmozpDfd-95ooCtzO6BajgF1Za1QhQY5WgUWr5ejdASpyXDvVsRCLzOj7i1V09gpTxiY98-GR6AmT3Rp32JWsgAKQkQi-tst1e5hDfPT5Le0O1TT-5x-rNhvZdsYuKmi-ONSF3SsCl1zZZsVWhTnCgHAUso7F4Zp0xezN2RSeaSCFEg0N3N5_77b8-BSeOJKE7C1g4FLiKKsi02aemXj8XBVY9fZkTms04mvFIXF8BgB7Xrt07hr8CTLLOYYuReRp6-86UoR2biPnzEp2MCxKdspBS_uPOPss2YKSTtnIwWbZXltfbxxh3brZtZVqQTEL7egnBzklgFEg', 'bearer', '10/20/2023 11:59:59 AM', '75JZ1Tc1z8vkZace1la8zoBofde3mgJnMvXyYkg3_pajJhKS4XoPMLs36Df4NwSiNL-Ltkljq_PqHpFGoc3lmXnhENY1AhoQ70tTpGDKV5bIBG-U0iWYFjC5Ep5WBSOyDImYzwX85d8Z-Dc6rap_dd4N19L82qVJ6SxQ72Rv47IFO32mHfqe2E0Odr6bnRsfsk8JwOGJ0k8L9zLCbtlURjGZgBnYDHj36bAyAz-JXZly0TJIHu7YHxgKecT9q_jgff-sK-2TTkq08P-_e2nNDnBPgkM-C_0A3o0mXXioYZXRtVN57rSrKDWckhg4dqNaCAXGrAndvOAKmzddt4xjNh97JlC-I8oJ9LOJsXRG6CIivGlDiIXEbIbr4vh8zu7zDb-IIhIl96Kgoxtayoyqg7wuIAjMMBlhj9Qv76zFnhY_nfamRvnWz6o7OAd3kqMOI7TfRcQWMNgGb80DWlv379176v7KnBJ7X0uy3deoQf9oyiIIRiYCSDnA_VaP0dbv3MdmOg', '10/20/2024 11:59:59 AM', '2022-10-20 04:00:38', '2022-10-20 04:00:38'),
(3, 'zcWnUBFvi1sY3kK4bkjr75ihSVIz6-ZA8szyzbZs6rwtvbt1Uy3ALxIPQmurUPQYI-Un54bLyQpJp3QbS39RjY4j-a6fsct7AkaUf7mD9TVc104K_oVlooEvqdNBplbXsM5QUgjAHKBFJfHxsGSH-wKFLyuWJWCyaD7mZ0ncTXFxUX-Ya8S8Wmw2wagf6Qs1pwv8WgWMWslJKPnq9XUHcsh_MmrPcOO4NXItPQ8sYs79Y6opoxeU9mI6xV6uVDR_HNOqtezma2wU6SQ1niwRLa_5EPMroxfAAAhm_2-xmfm-Q7eIKQy_OztwFmJAR4gJP9bHXOb2Nxv9vUFv-cMVpzQzwxq6hXipsbGjpXVXNZR988fE2g7ehRm_87MTcOHaqkVNOFSPZJo-14qRc_INeE-N08Auzg0EMCTeKkbSIEl5S3GyGuR6gDqRBp3Ld901TX7nhCLYbUFiTRJGsHICAKgjpZeuyMLABntStxhwqshIZNStr_dLsW0AxqvPEXKuovic_2H7CsWMeUZLnh9mTRev56A', 'bearer', '10/20/2023 4:48:43 PM', 'Rbd6DNuIzOjr5qxVjpQFshPjo8K7SKbtl1Qck3aUWUbqg-zbDVpqW4-tk2OA1Ae14mwANT8s0CuffSwYYKe2cEwGrTB6PqCwA3ZgfDiX9FaUYLE8leHOT0PWCc46d7yguIXUCIkkza8TYhDUrqKujxdjAWlTaObK-IuJwufjsXX0JN1pKXOHbQKMzCQpRGrWBEXqKNatR4v0NB7hEepr_xeP0JrVD_IYHDOjtjNtboSV3hwPNhOOP1EhDO7ZFplgLIqm-FRyEZWYWoR4OymiVA-TIrkZfVMC0hQgG9rS0XCBwr6FGJqlO0SDRJWFSRwjGcAfk-BfDqRV3rVa_XDnwDKNgBWwX5MNptQuhBzxzrV_Ubhc0eAkIaIiGFLpxTB9yNnoRKsFtflDLFMO5FOMaUhgdl8jS3Am2FqzvQbFAC9oVF5qrGnzI_8TotymmNlo63KPNVJm_DO4NNG___wk1BzWZSzIHrG2UfHHZL_zdGEATlZB2K6o-aCsu4si-s50cZDOdIqV8GKhFKk4kHB0KwQiCFY', '10/20/2024 4:48:43 PM', '2022-10-20 08:49:20', '2022-10-20 08:49:20'),
(4, 'Wdow7RzXXX7qDnEFBFRIcV666BqphjQZXAIBGkXd17Er60Ns4H_YZWtskDDRXgYmKExtr198fV9PxPZc4RPoSoFRJtcvzbOQP5JMGg2XCF724rZWzjwiah8x-3KTe8qYxLXUW5yCPgjjI1S0Gtya0jdGdxGjeD3Cc2rvbu4_OKHzabPU-KyTTIBUhvnnttNZuhN9JGXCXlw_1vsycdzLbKb7Y_yCgF2eE4IXs9mb6k6yf7xf1FNrqYuuPSNh6ysVFZL92jNL6dZuTvK48NjAfiRBfemlOAhr1Yk324vV5Os03FIrVRaopALLEnoraEFmwyw3kqSwcxIfm5tmbZJzKN-YaSf6iBkCxsD4IIkvLWP78p05Y7udMyzPF0VNaFW3hV_H6CbDHZHyTxurT-neISpdFNRqrDTU7brwMK9cuLZQLZfoozd9rYKxOin6cKALgrVYyH5dShIiU2WuhQXqpg3zHumZGgICKE8Rwi3JF87hJkntTjW5fgItXePNVkJLezhwktGz6akjC8g931dQLsYGBD4', 'bearer', '10/20/2023 4:58:30 PM', 'V7AZ2gJ8UUoTrQQ6ngYvmUDzZH6ZCjIdlE29Ua08XQPF054OXd_aKs5KIOS26TrjHVrga-Z-AveAoDcBPq3aCc3aRRiXCg2upPeWDNoCe8hcmHVyOAMokeASE1gd5hZXMbxX2EDLSwyIi7hZhCtVb_YWoUKlICYrQutK5tFMyk9bznd8bGUUDQKF1UVsQJbZUvXNbgZsRWND769Q0JlpVuu6cjqeyvEHaFS3NKhSiHghXKyHXxh7Uklbqs-DR6ZKWQKgyi9QdWHJbmlVHYgoaMUZlX5As0FAzTbSF6-X7FeSQZeqgQDpP6rqkT6HCY9xu1wLlnDrDbTde5WJMA9rccycsUj_2Cr6Q3QnIGXvuA0K7Aucy5k4a4rwUvxmVBP8fYbIX6qD51g-bCkQreBM5ySpZE8kiSRIzv2x_nLBmKFze-lh6uI8F_NzNk22PdnQAbxDpDhpptpPXfYnjJ2az_glB0VkoqAPgNddsyLHy1fXtUmhag_8Vv5x7UC8zV6pKnOKQEhr6rcbQzFh15kcUMlEUX0', '10/20/2024 4:58:30 PM', '2022-10-20 08:59:08', '2022-10-20 08:59:08'),
(5, 'bXmbdkpg4aVuDoM5x1HB-AUIFUh8J5Kjj0dEdogrRS2UqODyNsEkz_d3ZL4gRRBYcq8fb0isn6DjScSZL3xRFxdiCRX6Q287XbIkyhLYQD2E46c8tJfWhXPTOxuVPsC1D6rcl1jC8QFFg5Wl2uagzGiOhJPtso2uHKcNdSvvJANJyFgbVhUcGXNTrXOSAycWhbnFhvv7vr0RojVRAq3dCyz8JgYMhahp6GiQrCAojEdPUQmTjK9pRWXvs8jCpdn7Tk-HhQ-bj3CJkL1Xkx_dnHipLrp5dmf1RY7GscpROwtMVu-oFlAmqLp2x7d7xCd7UNKhYWZRul2kDKns_xzwWiQL0Hb02XjAFEuad5bnU-ouEBIxySh4nDxM6uZaHJtdJHmuZilTNClGLxXVkozFIVVABKiRXUvBfq6wMrZ_TDJX32Fq6SQQA8q9b-eToI3Lh2iPJUbtSc6Ut2cEzKnUlMKOEXfPmQCY2gpLT8STch7m8YwS1mB08aLp4nv8FSEvkQL2OMDdkN6r47DizerVeKRifp0', 'bearer', '10/20/2023 5:00:33 PM', 'uceafifiJPWInUPv4iJF0k7hKMmYQYfLx4Y3AXTgEBjQi6Q-WdjIXavE9EPi7snzy1BwTrRjhamlbOqbiDq4ChVBBXIj8a2RsHszrrabvncqUKaVzm3-oC77SXB-hJYUQw1M3gExZJ8odUzagugA43Ije7ZLVHWMQgUjmgTla5BJ58ER0wgX2pArl8rIjxbAajHbzaEyYpl80DV71vz_EiRNebTso_54ZFSlDmibMT2x74HpxGRjOaWZbkdVvRaDzWWyNNh_h9VnTs9PgDDsQsw5EdJCaNUZpIdEb54JD_4pIf97n104bikCdCz-dIBwKHqVEM1yYJWd4KOPSk4A0i9231eSMqClUaFXhsxC_JH5osT0xGR47by75W2XshRxjVu7HvrO4ftmneIIYZ_pb1Hn3M6A5jZ2tCOwWMVVq5JbYekQj75tcUB2NhvquXCWqoth1m03HqaRC1FWhYzT0BEzKab2OVQuZexaQJWtSX4WaRAqZmSflx3W7-elser32boAs-uwBt4tN9tjibuNxtT1PbE', '10/20/2024 5:00:33 PM', '2022-10-20 09:01:11', '2022-10-20 09:01:11'),
(6, 'nWmUZ99uIkTv0jcjMxDGI-ulbNyLVEFlBOBpKrqZWI7nMNfvTtpYGyVHWNUnA0v8_t8xcyNbiji5qgKQ_TWZulJts0zV6b7OGtjaNKq5GgBP_6U0L9DwK96WJe_VDdA4X7ya1U4St6r8TXV6U5YUhxcmvq3V6HtDhNpecqySIYT5Dj3jqPgF180rS985MnZbj-Y0NkaI3Dy-ox3_1k_3d6tWgB74Q8xskFGOA_f8Id0tsmbBz4J0xSobOFDuNPGTOvUqYo8cSXfEDenaOULpAv3eIIADoSNrphH_5CcsEnh6WqVEJ7mNpv6_AdyJnsEk_bobabDqAorktJFmKX2ht740dj4TwgZ8f7VSX57T34CZdNykzXn7L8gj-d_0fxJ_bI8Ocdd7xnw-ey0K0o52d_uvi-sQFyGARi87_aodoo5SYuba0FR80vwg2Zs_hRzPLYaye8F99dYPoIMA7bOU29UtmGvZN1NYdQTEy1_7WEiIVvMvjntDRKqC3JM6YmzlmXBBuw', 'bearer', '10/20/2023 5:28:05 PM', 'afun7ddOud4Ziv9TC04g_JcacN7NLDwloDl5krfuIIkUTLa6etrlb1uADLbdrvFjTBi3Q2k51e6fDx05gfjNQ5YNcZwnq9e2lmGVt3oA9ADwKHLBluaqBAitBVjIymTn-UP-kISUuCP7ERiPGyDcyyex-yf78X7Z_mveyKz8jFoXSlCgMpRn1fRGGu9p4yqsn11Bgr4sjFixWTknYliSgtjzFPQXiBWRHiWIBqJzt1hnKNizHWLhlPDTpnf5RHFO3kNCROzCydZOlhxGr81UaaSlIOx59ypWPQ2pIJnWyzzt9jnObXK66vooB61WYJHapPOGLDxYFVpcDAI4-GcuLHKIupPwoAERgBkpXlol-rkHJcnT-sM9rtgDNJP9j8MVl-SR1CI9tuVLkwTwyeZGFkMelNYbE1KV8XWQeMWVSkZB3iiMmWACirdKqnpJubobrD8eTColvzre6g3AyrjJlLFF74AdCSRx97EhcMdp66HtR5OoE3-scvvlOy83cNi22ZFICw', '10/20/2024 5:28:05 PM', '2022-10-20 09:28:42', '2022-10-20 09:28:42'),
(7, 'P4vZLJ8BxWZAwenoQZhcSeIQkcVRMHA4c8Fib7bt9l04A0OunxvdqQV5KSmq-YvUCjq7e9SlpzO5TCZr5ZyuBi17IqkwyYCpLR4WE_phnTFAhuEs_FIeayQ5m4vRYX8F3Z3inPHH0aA_ZReZmGr99HNjZsKCn700wPBnrOPS_i3S47pAPNMe87-8ULIDSd09ka44ISXER4kTC7zy8K8QK4i_hixr9RsxDAnZW7gMo8N96-y_swgSp8CbvGN81eee9pJMiwHlMZGnyfHeo3yzOobaGiFraaXblqTD8ukatYZnNb-zpoFb-dK8sxseAWtTFfzf1TyslaDVPfyn4YvGglkhQ6aN9458XY8Ul0ek9l16NutftcRw48L6dvC1qWZhj4wSI4PJ2K1sW1LgrpIkHxkWlt8bxEpTBucyi3pLXXUz5SuPr-lIqJ7c78S8QT7SQelBhXHpWPot3CwfV_A8-6XrAnqo0tRrKFVMpbnRRYGGYWmgMSZ19hjXxWOy26_FnxhWsTirpS9lNJ8FWrowa_1HnWI', 'bearer', '10/20/2023 5:28:41 PM', 'bYltK8Lrs7KmTlzpHKs7eQyh-pskJdiFPomdW_H39dZboqk4QBtXq_W_nkuiLMHOFLn3uw1w5sGggXAJ8qTtSotw0lTj8ASFGgzB2Y0sc9Q7LAdL6voktnl5XoGdEDVqVzHZIRDvoDiv978d7rzPjf7dIHyy9T6r2oBG4W7B0xtTwi4lrUYwjdhqzS5Dra6yyaeItfTSHfgurd2dilb9SoP0x28i83WfV65f3pV7tu2_dkY2zRsp_wSiEC3B8sft0IIUi_-Azhmw4v9VzA_1DWWjv791UsTTAJyCyYegU5CFhrajzUA0TCz-cbnRl9258XICqyFCbhI9zKPEJfPW8z5ZgpfhoFChSK9yb8gsKQNj2dtgJregEPYcW86vjQtzaeAEUDp3LOc9jQg803x7bsVw6QhqhLe3Wy9tk8Lw9mgb1M7aTyXq6xajosDgBOaz-Om51uMqhA_Y5Jjuz_D1xsgezPQrH_7qdBejZmNj8Qjfuhv059Gv2eWZ_c4kmCr9uNTsgGUEB3oOX6eUpjTONxMYFJQ', '10/20/2024 5:28:41 PM', '2022-10-20 09:29:19', '2022-10-20 09:29:19'),
(8, 'Nfq56MQlagqUNmf9MmJNheQBXTZZN82VTFuvJfDyFt9gXB6Medh7pAlSa-6S1IZg4bu3mT9WcKQyxQx1jWEZWCs83Ui5MIPU1rPZxC2JZiojf_jmCr9ypGuY8bhtoM9ux2p3FdDzpgr7M4LJAbQm7aOnFG4pabxArQtyBLH2mPmamh_pjY4q6J_-qsBtFeNta7fLIUahR1jEIZHRuIUlI8Gq5LKiGonkMrbWMRx5_Mfa9E51InCSjj13CZiOeOUYpop6vaH94XjHhzIBrcL7tW5Aa_Czfl9oKHdm9SmD6PARGummg1h5thJEVSdjO8gG18z1Z3hSJ8hBT5yn2r6jZuEUD26IsJ-86kBxkPK0OauoV3GWtCjuy5zH_IK2gU3fVXmWGek0KVjjZWrpAsZPWHGkfcNwxHAYwv5rOVSGBO32DZ1HnHDz7x7DkstQgPBgaIxpi7kfpZr8Cb1vXWFXnHjLMAMYhdyUxp0aUshRtCR_qzzroX5iG2ATvONcDQ8hvnJE91UqbomkCSGM65o5QcLrtPw', 'bearer', '10/20/2023 5:29:34 PM', 'F2Kv93oUmMWMwfrCwocXNvy9NUhe_TZD6_dX3dabUWQv-QvsxlGsVaUvauCv0u1LLIzlt3rOkCJRcoK5D7z9OKzrwYbqQk8MmczWEQaN4n6N207_V5S-r4Jn-qaOLD5WTuaxPVB99ob3cQH6-gaFjKcIc7cuqj4iP9YbI9yovu1LvX_JcDERqMgG01ouhVINb75GYPoEc6bKuzDdO-TzdjhJG3VjPYwtF5nqkouHRA0pmWpYHT_nfMsGKYfJIgbcZHPYcNo2VhiyaK3ZzjFRK9TcWqMJCWQIr5Vss18uFGEJfr7STTMgW_BteKG69dZb-SIRCg219FV9WWisEk5P9RgRqh4yflELPQ6wGd_sxrQo6mgmrUIuwBm7OSEFaxx58CdfbBomlORVtak8mk_Ox5-P8JhnjMaEyNpv5GO32LAe_6xOco6MuOREPkI5tzNSNi7EDJHwn-srh_MuSf07rmRth2-p1WbL52MxGDTFhQZpJAlU5Hj7832XfOHEFO5Oj9SfFkijBw3k6F7CGETidh81_-I', '10/20/2024 5:29:34 PM', '2022-10-20 09:30:12', '2022-10-20 09:30:12'),
(9, 'rQALfnTB58p6kTAT_9iV8RupIIbdtjr9ADc2BZcZJNBGJqvHVgJkrNqdh3QC_BDI7QoB_J2rLYwQ1hFNsMD6zoFDoj2Vuhd5E7bn0W44B3uzNv3Xa94VYCB-hecxczhtlRpUanyRyuX_WlUeIyum6hMqK5mFBB26hvvMwlDLkB3LOUHxb4hEK_1Ioj1oLUH9TvaB0HWNhuYpzhmbYOyIjuKCCitWr5RCAo3IyvgR6hxOhssAdIYcWIoReYI1wtA1oPHAZZjpw81lIU5yF2oIY5KrTOSViTB8kJCYwv98i8wOWlW7DOfmHCE25C-2g8JEU4_alcMyAON2Qv4X-mwpw3Jse_y2q0knPXo9sGPG6jwDnOyKuoN5DD54bSe9tW3sF2rcjXDtbT0ipLHOfSAYMaIgTlUKItx-61vnAponrtLGVJzSQrSIUMmIS4epR8I8393Y1Fyh4_-7DN6U4fjnzHanWBCM5z42CwoKaqPpv6931NCL-HwdD3v1caNj9iXHkVm25crw8myUUwhUWOuSdG3_iP0', 'bearer', '10/20/2023 5:30:01 PM', 'MD0KVeCldsAZlKQ1l-pMhlaRmrjSvCfNQ8rZLyPYjNsQMG5a7TjbpK-b4clqzGnh6RIYimO31hX3ZezAEgTiDqlBWMk1b5E66D9oz-aaBmq7L6xV050wueL7pnvRDFOt3qJhMwkHyglf6K0VJbrBGFEkEHYxOxZBkAYSHmSztIfGb_HWqAohI5oXP7uqXSRxUFd12OhcV19B--RkqjsYQlux62ZcaE1FR3fmbSNgXafGy98jbnaspFltZ3KTHp-g0MOiS8Q_Enw5ycJNgyLIBSsd93C1yvlAYUtS4iWPxLN1cEXuYjKSP-Edj_h2JcNTBf6G3C-pRoOOmpLc518lyiNGdM8nrp9yIsSbBIjfk9gO-lI094BD6dHqjMpUlLNzS1AsXalJl4ha11UrtSfgs79_MVZRMqKE49k3RoZ-FCcMojKp4Pqfxs4BjsyQNmLKc4JRF6J89NQ5JWBs7M7C6pO1j8iL_Y04iXgWDzaGEedBF76EN-DbzpUt_FcS6fR3bwJWm1xKm_p58Vm27CqPo-KKhXU', '10/20/2024 5:30:01 PM', '2022-10-20 09:30:39', '2022-10-20 09:30:39'),
(10, '6CRRjRW4sR5ra_QsaIXJzOa7dOEJ4Yxf3sWU67XYjAVwC9i9vs6HQ65iqHNiZAF-nx--GPxp2yuqekJOdEaLfY0u7Q0OSqG1FzMO7Cf7kuFDzUArz6M6D0OGOzYKThXFsE60S1z3cgUKT4MsXq7fG326TwmYFFMFjXBYdjzWydGVmeY4ducZinLpL_4xD3rasCROCMddCO9BbretP1QcRVYP_Vxj6ql0ZbEntWvlbruz0-VoNoeBpe9fvO4UKGWi3vfdCAXVlQmJTRjbs8qfn-SdUzOm9qwJSIiPg2DkYBbs1c_xf83U7aDKLENBqCayid2c3gbtNNmWLCAvHSodBklaegzQOTyGc1JP4KtJNUY4c1sc39H4U0qXlsvIsWwDRZV93AjXE8_4uoMzDXEyF9lLNLdkDCWBC8mTnxzjBp0LkfHIk9BnrwfocMhGjcoPYNWR4DJYMqBvq2bWVC_6M_i6q1kpYMggQ1NwdYGXO7REvjObQFu37meHaHITfAicaba-Tg7uHYwbb7-pzOUJpsz1Ldk', 'bearer', '10/20/2023 5:36:30 PM', '5-HqRbX4B3G9-7EvNIx11ZXm2ujzhfcchBSOpUCId3920OlcBPjpE6GsYHP454031gePxL8RZfuC8UmdIZmNSkZUApzZI146Otxnp5RFlbN5x_OA4txWaU4O384mxmqtoKSDsx3cuMSf8MMpLK93v4aKYV8KAHICs1Hkwi9zi-jM7_y0Zp01sJnfk0o1dF0ep9AsJSYnLUal6azQ7_t87TAKwLta4HsHwX5KPWzWHP17aDAQVKdYJSxiLVyh9_LtHeeHFAIH-I0Qtygl8799dhCX86pjbKqrJlinJHCxFHs-0pc-MImwrTURiKlb4lc5DrjGuqV4neEE3-vcf7GKbj5hKoL_iSOIIluPJXoZfFCHbJVbWoeSvthrISMnlRILGtadXNwOdGIUSB-VBItSupg0pmjqtokD-bgmch8FY-0k136y1d5-5RXVJ4Qyki9TWv1DQrypn0jLxM4PMaPEl_4-Q-UcgiTzeQq_UFGUrBhyhOviYeJMSRwgHfHVz67fXw659yaW47xnV9BN0ZXUiWeHXXw', '10/20/2024 5:36:30 PM', '2022-10-20 09:37:08', '2022-10-20 09:37:08'),
(11, 'clpXGxr2hDgqSFUQ_p71MUwq_Pt_wexJzON7ujGr5Nv2sOTz2Gs97GqtRDuhJCi3NUdr9ScnkzSG5G1gT1zBXFrxm8q-URbUC711SicUeTiVPd69jJaOBj68wqz6zBM5xzQisCmDp5Qj0jQTnwuzGBCpy0j8IlDIxIniCG2lqr2FDyXuR6HiCjUsa9pmSIme2cArZS-JRntt52gdYTFFswPPyykEF5Vqfw2rR5KZKmN-AFitGijFhGvvdcPAwk0jMUqqEh5UcLk6GSbhA9TQUuLraIHHIMnppkFNsik6laGis4X1nfs46Q--hChtfT1EPu4nHfKFiYGJHWpCRipszezeUxjsCZHevw27H3Kdmtu0WYZ-p7V0a7Fp5pvHdbARoSZhP99bUBTZ-CSg2TMDR9u7xzpeSqoe6qWd3-RpeRNT-TDrN_OqIh3uFtW7_62lgBFsZPvwiAhofob0BIDgz85KRZpjOkLCJBNh4DVUXye82aswPg3HXUOUTuN_zZd0vhkm4ACEwYR8LhHWDr5BK7090So', 'bearer', '10/20/2023 5:37:49 PM', 'X4VRm0GjL_sKTs43kxCvB819XZ5Q6ZwIBL2t_2-KSDovUUdbt9zJNgk-pmcNEJCHeyjIp-vJbm8F5fvD9Nn3RlIrxTNgvs1zY8qu6NSThhYZq_SKObf6WRbFmbXtxWNFLHB1-3r1VQj2UplQIup5GPIT4-qmNaUMYNQCXLzECrLsEGVb8-CEyA09JdjjHWuSBZYZVBid8xQP-R8VoV6AR1ii4L9mEwak8Ibo5X-Gyz50qBRyOA-c0dka_qWIH8F_I9lmfFrNxjht1LDsY3se8vCuycWmyvAWIcKdNUWZFfBFdDJYsyFBGhDzPP0B7OlSZeD0jZgfUYQbmieH5fCHtk9DNWoqnOPNSsCMebkNZbP9TtQqq9EJA7XFiEs3DUhZ7JKh2ZROX8mX9CJcoafzQfuRg4Ctp01uvpcqPY0hNAs5oBbfiOpul9Iog4LUXJlMd5XfratN-aLMBDQSnwyaYTzGgcNqYAKVIQ3CamM-ySjhgnXpxWRbFLqYesa_x8X5GSDL0o8vD8HY4W2_YjTyfhAF4CQ', '10/20/2024 5:37:49 PM', '2022-10-20 09:38:27', '2022-10-20 09:38:27'),
(12, 'Fx93f1UoFL5NukJoOECtiys3vrekX98HEoMyB39xJJPZw1hIhHaAUvXe9Mh6dnxSIOScI_4bpz6asc4qoPzM-4WwkhO9uUJMLM3B6-Cd5EIjOYZ0VTHdh9K6Bfxs_DLiyI9B17U8Y165HyXcJfrZ-PqO3RT2-isv80gfa15ZYhUiBL8ikJIrti87MHpUGc6X_2Z97Iaa62rcmyJMx8LC0cfznFnI-HldtheWUflQJV9SzeWjwhB6hKjdq2y4gxlcoU5GYAGgaHSb8t6oS2enPn5YHWXV-Y08wEDPKVqvIlWzrfJlMFwULNGYPTJJo8mDztkITBSEgYIc0eJ57ZnMqrMHYQPSGcPVrARzvpq81-1U3iD88oiIu1ty_UM6l_nqmU-_qB6DKlAyuad8vFpn14Owcii5n0yWJkdIlEK2cOlnxSlhbd5ICa7S87eDxZxOpLkaPT7Vd2qZfkd-PzTiVrDmn4QkyuH8IEeqWaBXPPxvQKkAr6wR_bxyVyE5fb56jUr-kOL8TdlChTB0ZNB7cga4gq8', 'bearer', '10/20/2023 5:41:11 PM', 'HrdPm2hwgHG650zlj229IvgG_65WEgfr4if8YsgnbymCbYW4-LykcLoK8tf9aFITx7rwGvtlJdNocLEmKcEFIzdMJUxopBL072CfPERs8fjdJ428zSneiS8RSOFywGSzn309317DSXvbyuSG0IxWaYS5_Jj8q3hoW9HMgEkKiKaFjNxvB5EFigno03YRsMlIMRdxcTuz6uY0gGGO3p_R21U7sCaJ1Nq8JMejqS57ebIoUYRLq_ooP_Yizown-rcnWoQi4zhA7swx1Wdc_F5ZCMiR48CFNso4iKcNuJtB4wAKX3vbGUz3E_Lz0ltcrptC-uy_F1tnWVNJThJmgTIcmLUVTspBh2iHJRwTwReYViMpSTvj14TiZWHuWSqe1iQFutOUPZAaZhsPQsvD8t80BVPJVaLj1YVUAvfhc43UjVnDbQQAqQ5M1GffQEVI4W18Az06ApoX63kREuwYk-6QJ4dov3UeaxEs1GOUlgRf4RZzCAROCNXO-Ta6cc8Pq_O1XYsxPvHcyuS21RSew0qrU1sWQxA', '10/20/2024 5:41:11 PM', '2022-10-20 09:41:49', '2022-10-20 09:41:49'),
(13, 'qPBRUCYLdxCJmoq6SBBQLTWug2lQGJZ2c9PVqUU2W1FSN6YoeKEcCkDKEj4UVv31WabPWBJ2w3IAfpX5rAdKibZM4-dhc2pRWmQyP0MS-uAFKvNAJSChTBjbvHZ9AX2eOxJrKgPSNAG1e4kStYuYPFnoar0vNoY9b29sels2l5FrzK1GcXEKhTVlxZqJqv3W4CuroQc0WtDkO_9VgZ2a4-6x0_mlybwLH7KpymoHCC6miCFQZqhuTjbps04qLLzpgDM5YTSKaAhcnH0r83x1vDlFqVdc5_BaY2IZEHOb53iK6obcjCo49ml-qUGpG19StJwpLlfYO7rKjrwolwwzX87T0A_Hc5K8WHkShlQe_7yj7Wt2L3p2XfKieQnBwVUMsvLGnTfdhNTXGMVPM4rn-aCVTJhGWbzDCfOZ81lSSiJ6Cw4rdzuwv_1Csvyvi6lT08WYcgzkfp6eX2TS7P4QBgeN3K2FiDIdylTYWh7oQvvDt1RaJozyTuuh2-tHbU-cHjz6Lgpird5lgHbJ_IDb7YePBMM', 'bearer', '10/20/2023 5:42:00 PM', 'zVXdtHjhtU-OW8NRsW6ru5dA-qAD64CREjnBgfx6-Mye9AK1tNMfablJTv0Ly_1bdyTyZNhS_OtuM0a7sF8Km9HW_HsixhG0npKMSHDIqsblrUkmXmFKwO9LPOZOAt4tQglOYHk1IsBf7XgLvuA3XGUkqClmvY1ggaRRLqgV9b7CWDJ5izlaHdDdVTOvnnEBJqrjKquQ_ieT5mJiCUUca0gTXoHyPIKP99d4YTMeGNLklfddYdvKbPZSC7XOsokXErYJ_vJIBdcy-wUmI1erWDYb7tFmPa6VCkiIpAFeA83IAP9VZiHe7Kry7ei5t7RS1o2c30Qrz7iVeDlHxATdZjWzV2KRJyX8k6eExR6MBeCgGNVVKN36NZhl7mb1pngZ7M-9lyQAOzvKjo7oSObXid0UYDf9tTpIaTkKZnzO8D9XXxJkZanIPGictD2BWn1GuKmz8vtthBngXiBZV7h45YR-_bpGrlKsk272cO-yw9_yB1Ci7bXlKDgkrMwnENX_jtRYJl3v_05re9ZyO6uekHJfQRQ', '10/20/2024 5:42:00 PM', '2022-10-20 09:42:38', '2022-10-20 09:42:38'),
(14, 'e8tM9BemCH7aY-hbrvpmPY5ywyRHV9RMcPYLOb2EGK4dgMtDTqak6Ol6wbM6CQrD2BDtQBMbrVQKn3sNVdFk3PSIkSBph3IxR1sIOSz1phC7qbAhE9rwAqijyfst89zCwGrzWhFzH3eBjSp_W2Oh5rnms749wxDhye0X_qjMNAeUdzz74zpBqBqyjWqiRsLZotwhhq1x6IDK5Seci2au4hNgJpIl4wRv0yRdAbcWPfbgY3-sWn4aqnAyp3Ve0UX7FkNIvdKzrcTq_4utv2RRyYzhRILMFKl3zaTBK1oMmU7B1B-szlTOaPDWz5xY5NtltfrUwwbhzIw29FV_hzPde7cisa3wiQhioOqH08xwzMXZzeKWODGFakRI0SKzES5SUzfYfKPtfqHn2Iw-_IF196Ic7_8RZIOfTa7ZvOT_q1G7mWf5OTC5EGg2vKLubitIBJai3gryRlgbmpx8CcL6LbvZYd0pGoh1sh7mVYjgZQLX87b3RzxqhgTntkWWdu1ioWalxUDm6i9C4XI4sdVAF-CHWYA', 'bearer', '10/20/2023 5:55:16 PM', 'Z-WsnqVggx_l9WjqT8J4vZnupDkM9siejHhogwCdiEcdDp6-aktYa1wq1QQG5M14OtZc45mJArucHp7M_-VCGHRzxT6EAzCTlbP3lDSTepIiUfedpuez5ir0Q4CaVqoKuyo9ejMSsD1rWMlPKqgLwGvTg65W98y1ngxJwY2AlXHXh7GcGGBD_Hec8-h-LhLIvpmSVbnzugva2MLAnCJnMzD78JkvwRAT_YxZ7c_Q87yWwWzIIBJSr3n8zJWN9WPh6DGJw0z9-xDu8BPjrc2D6mCS6uPfr9rfcg9MuZNe_dwyYKFkq3o9i3-xh6qhs1mOElh73oL8Z0suLb1Afn0Q-yjUTARKG8xACKIxQ8lNASsGm4Vd6LxHZ4JQwiRLtrC01QOE40Y0URLN3pqlHYOX-E6LDDR7bnGbh4AI_-dW_GANUVKV6OTahae6jaXyJyLDiw1QaUAE6CZZngaRn_0BM9kxi3UKTujeCPOCO-qb8K-kMHl-olXoPcsTHIuE6yNKf_F7srNowWLntmctoZMY-LjPk58', '10/20/2024 5:55:16 PM', '2022-10-20 09:55:57', '2022-10-20 09:55:57'),
(15, 'L23kQMV_tDsZ30fAnNLpzeuB-MV2R3q1Ln5dZJE4zZvZMHiMPon8rP3r_bP__ydyM42QMsvPXDwObbQ5odMJjVY08xVZypRtGXj22On5mrRJCJyjeoK8BifLoiqbS-tABAPv5oF8w-N8pgcdbpZrCRTfL4wOyQCoBMf0dfciOucZQMqohfeiBLzHGgJeKXS1E5jo5msRwLSCKQ3a4MEFFCnP-c8MWFH5-5Oauo2nJF5oiYjLKCyUlvC7hh1TUBZLSkqh11OuVWmgzl2n9lplYVC1M57Elh0xahPbc6reh4yuX7o180Xoq7oJMGVPSrIsJv1G2CPoEjH3JZnbG_glxVXIvU-DgJfVWMLhesC2m3my_0rgcvgylCFQz-_zy4u1QhfkQlzzrdC_mXX89ydGaEP__46ecZbEgIWqggw8gHTHKF1AJOo0ALPUzeT3R_0vGetMstye0FrfveNtIrlsRu_aUODykiRaYRoArzvz0BwafXC-6Il7hcp8YXFWzWOFAka4n-fFR9Mg3i6GjmbBtlq4UFk', 'bearer', '10/20/2023 5:57:50 PM', 'eeyBeDI3qXcpGBA79laGpQ2K4Oofxr8WRxFuo8lI4l4mk8CSfqEN818ipqiLM_kGRjZRjoJsoJaPO-0RM0ZYCktFSqD2URZguPwjfIrADqDL9WOIM9GAoMqfrWfAYFJE14QQ073CIZ33FRufhzTrkBVS4B2KtrAOR3ZW0qf2XTl5KqZ9eod0R_9oD1GAPe_8p_BFdxFlutJ2_AWxMriq5JNfzN8hNaIPOAAEjOH3TpzNWaeTaaxy_aPDKd3zvgUOZX0ITK7Z4OCpEl4bGisPqP4cB-yvlK9_Zf0nHKPntVsYeKdeE0g9GeOwDNUR2c78Psj-S2rEI1u6oqeYU1rBnhy5cWVFwiwO7qI7-L1lUNqVXXVJrrRwohaaj3on5--EYexHZ-JlC75twJjeXngdOumofY8LSVsQioBcYM3N4qPYmKtrSWZwHQzayB3u-kbBXtLz1H7cokG9U2v_XCpe_0boEzgXa-kzYcFLj1w_pEa9WSfT5ZbIFHxqVnOO0ip27pF6QSco31CF54l_We2p3jYF3lc', '10/20/2024 5:57:50 PM', '2022-10-20 09:58:28', '2022-10-20 09:58:28'),
(16, 'HeQtLBsf5D469iWL-82xzNa594Rm3BVJ0wowYGc_KD_ICuaaKCVY1x08Hk98m0ZrzOWMgz5mgc3QU_s9p0gSYcVjOQUcJnpM6H9qIBn94Fs_PPEmcVcGTK5UPoq-O5ySPMVr8qvgKVI443hJisPLCZw-Zx81dY-R42qmIR7ZmStcWP9N8Vej1M6b45jZlLMevE6MVwA2W-6h--Xlf5XDlKMHXmYqr07OyCeaoqjt2wHhQKE-olU0afw4AV7U-kcXScpG6IiNNSYuIwxM0caTZggvcwzQ5dy5k51Vtkz5CLj43OT-OEw8GKMi91Kx1g6cykPmkmuRUcJkHDs4_WDVkVGwfN83KBp78DjdATuLeX-cmsHtUTDEYIF9gB2kxx8vUE_8Zc5soYIr0m2Qwrxi1gwVkHNQN1aowHpBF8hdfG53V_jbHfRBOwwdb3A4uAobZMKgGCf3aDAO5Ub1UAYCr7bku4skDEprew7QdD7Det9rpUQVWq-25fw0RZ1qaNEcD_COkIY5e6A7tiHY7da6b4KzKNk', 'bearer', '10/20/2023 5:58:27 PM', 'HpWmedLR6H7AAD8BGFZ6OLTozKI_L7LCKJj4F88cpjE_b3iT1fwyldY9r5DeROi_6N-sAQF4oDt7_ysHR6OsLRqZU2l3DFCL-H6UgvjJjKid5SKIfYXrp87uASTTj0_OgMk0BxktXMFQq2DNOAMr8BeRpvzdqrGJnmGA_BbgpWi8ARA777DDbN4ojNyanfE5gvLCri1iw_wSMIcecU0jeKDnZxBy3K1WU4GW-Ta6ZV8dUflnA7A4HAlXQzWaTc2TZJ0Vhlj19ZDcCbz54te-SlZN7SOdZ9qVXqnxuAjPf80CBD-69Hmo_Pv4tgwdc5GkNOzBvRtHteWsx27rd674awuE4oKHLsbHi3QLL2KPu1Rm8gV8coo36wl_fgF1hM4c9KgiK1X-2z3Yv81nxSypruVBmOmAlf-xm5an9tWVICo7UrFTlDtX0MQVSrowr3rNttpwpwzLxydkGOq64MCePKwLI030SjGF6GW2-1UNPcvS0GE3fHUxw3FtTUiR_aiqdFzR16W8olSnigCuF4m3U1RAEgA', '10/20/2024 5:58:27 PM', '2022-10-20 09:59:05', '2022-10-20 09:59:05'),
(17, 'jUdwEBAWWjvchLQtnxDlMdw1GNV3_MLv9GuKDwonrEtBsVvu-59Wkc282sHGqIZWfk4p1LGSpwmQyhVPW-5P2EsCw3Iqlm1Qx2tQ-bEOojUkhs6ZoQskUsh3JA4hpxmIC6QupXU79HNq8fnBt-6RDgKUx1-rPbYkRT3wt9FhYwURzNHGa-8bkyctkTS1fwOkOe-RNysuf65bktkVShzzIbdM1XVwMLA9xWdWaPmqCyGwZzznIXJyg1yTwum4p5cemCec4pw2ijkFiCmXKQbJuHVNBKfkvO40k-MYBBvoS0Lat0ocGtXUxSzRUO4s5pgB0l93ofqb9XUxar6wLzGrtALJGDREUDiybP2G7x3WHAMluMRqgfYLLhaRS4L0h5Z1k_bGzU4Jup-FVUmgCSSlcbpSzAz_c2u_QpiTnWQ5pQaC0NI3YIFaSooyIeanlsqFR-OTZsimnq-Rww5EI9X3VMcsntoXDwICXNv-3tkvAuuWVjNy0dJjZ-87iHUWTGwlplUNyw', 'bearer', '10/20/2023 6:02:09 PM', 'gndDOetPP4OshnceVO308JJxRRziI1yUG79j9B9P4ZeIAN0nMco_cmoX2Hv3mMVRjAr7NNdGr58Y-onPK9mBixqHvAwouINr79Gx10Zl5LqireVwNvU-ad-36FyH_ThKan_ryGOaZZBlGXqrE_CwWkMGqhopPeniwHdwiftUq14pX2oUicV8mqDym5cwnZW7POX2fh3NaXVc_5zHPnfzer0HU7NV7xL6QPtw_t-6iz784QUA-mbtuVMREAnsown1fRuTOFwebE0jDqeGAEtbS4LdIfycHrKkSC-IXiGkN9iVIhvzSEaK2oqzWrN9-7gtR2lp2UPM93OWdb78dOhELYisxuzm5oM2tURbtkaBXVG885TLEkT4FwsCF_mzHURgbZ8AfQKtcKRhLkE7btIFrc32zHY0TwmdpASolIu_UsdBZNwX53wycNQwGAPGGJWp-2fbuMXNgJMuUAyZv07LJHUQjlGv_Fboeb2pQafWsDvfkYWY7tvZXBjfbsAcC7CEZWJrWg', '10/20/2024 6:02:09 PM', '2022-10-20 10:02:46', '2022-10-20 10:02:46'),
(18, 'pgRToYFd_MyqYlIimo5ALYGHLlESJMWbB09uvdssdtwSsTU5UOIhRp1R2rcHhERwArXUygFjCqYAKUvgT3xXRTgP_3TTpQzOeKG2NvQEu8rkvSibwGTny3sp8EGNY8hnLmdEI30F4nuSINX1ZnD3ipN0dFmq78OwA9N2X2dnubqUSD2mjPhI0N8QJxzBAk8BI8mrJjqmrEhNuMbuV9GWTPUjE5mlA6BD_k8DviMHs4fuKz6FMTBiApWKAwIQjNjdlm582k9vLSjDKk42fVwIhujNDBA4A0v3ZEz8jD7C7fnwsbVtG2p5z75keLVQIVGiCKWz_7QwQtmppw1F5nvOBsm3v2gAEYB2ErbvRWX7Dqi2WmGv6ZXRq5RY8dBruRgQqac5HQZSV-2TTHxVfWm33YTiG3mDqVOqoqjrTbInppgm_a4jrQFmZAnwK19D2vYlptjjVit8Hl0IzFOf9nYmZE435wMv9TJvAYPm-kfM-Ud2t7hOWq6C_p276pya-et8rEjDk9CtGD3zoNqOYKU6IlC8k50', 'bearer', '10/20/2023 6:02:11 PM', 'ci2zrJhI1miwLcNJTobjufVHc43VwuiC1jaOmXxKGg8TvkRVS9dGQKJPHA4D2lAAMXreP-8Fvr24sDDQzY6BAwxLgzYPce--0ktnmZWlyQbhO7-mlaBZelsXH6AnKfGUOxHJwytYfvbnVlWzJYbz3UpSkFG1EsyQ1nomAN4tMtd4wLZUJ6BeDl8doqrsp_FJMvjTLZKtF4356AxC8e1-ip99ZyA2SZGOzE2e9lN-r0AmUE7GSYG_5n95UZ52fuXlhn0JNXfy4YdSzcm3iRAH2cZawn9KL8xY2PCSFxPcOT-HFszHkjhhqR_lrDp6Nmyro35bEfy-9FdXlx1i8m6-vLBSPJnjBT7XqXfzVVRaaVTWHlE0Gw6fu1Vg0NfJelsyI8PbpUDIYzJWRuot3B0YTc0FaQjI1dzn2WSEC3nqYh82mxFBwJpLuqYfTN3d6uplugL1-nR7-Pa0eZ4qspYi2nith5X_UU-TzPfmytrKaUj-GVa28OpHZ0H7SBM1vmYCXCfNb4h1lkiozzYk5Ar5iMXSMIw', '10/20/2024 6:02:11 PM', '2022-10-20 10:02:48', '2022-10-20 10:02:48'),
(19, 'ZhPPpYcUwsntEl9HVUkr8qu3s4ygpAwfYYGY2l-LTRyQMZortlAZ_uybIRD0NYlHzBHVlyBMSxmqKOvFRm01A3ZUepwQh_Oj08dHFe-ukydwgbyIdtl65YSiEV5K1xnnOyHfMnVBvmyHTn2kHvbgNAo-VVVJj_b6InNExieaOJyxCllgg_l_y4qUZid9NMRjX5sGlKoRDuAemMteQpzCxYtahaFRJZwaGXvLzkjTxRxrsf2Na_9N0mSg8grEPBfSp9-ORJDt-YFDO9yMQbSlMDBVJXkuqHJVMOaTFxPMkHaznl6b5OuyfS4Fmmsj1aMjY_IujFbbIYqyJ2H2zhgMJ9SFfkJOiJ_jEO3L2ErApRvQ0ZRZbpW7SmBSyFcnMZbcIv1cuX9sh5ZJ3KStVfIw7cBrS9QZlRJ09AlTaaEcIllJUwWp9GKhbAc7SyMC_MeNI3h7N2F6-kEMJFwm9KP_yl2K3V8dmU1pnl_ZwGZUlvWNeTrTIh7KAxenKAyP5GndY09YJA', 'bearer', '10/20/2023 6:08:42 PM', 'LQ5w26xMy7tbOlfl8vZDhJ41OQUqgJG6dyuS_4l7ymSzMp07Xzel6UK_-RNmwdMNUXdBZzgYDnpOizbLnAB8tGSxoEb4bZh-qiRS3jJQgaRvTDFy63Z6ZzZFxFXiz29xxrrcp8dxvTnq3AJDL6CrlojO_X_Zt7BFeqKpZI4AuiWBuOfvvoORFU3mjNC4Vm2eDnUxSsBJlzniw6aBAKaPWskp67nFfH35z6lE2YSC25kPzDYht-xCDih3xyoFpIEtjwp1ZwB4iwkXL3HRlRlElD_8drCrnJzqYSuH6NZ-X02YWxEWsPK6WAGlKoTTXESgJo3IiQNnKeckwptnvYniXNf6HoItgxNEvcXAa89EG_7FF2QH-cGTYiyV_cId95w5E9ZnfszWkXbsNBKtvATJWcRtXvkPPKTi6t81Ne2IKaGSiqAxK7QYImkfiBzgrqeCteEbmPQXX1A7P25k_y1MTiOeyqLckVi5pZzxzZzoEMX34z8dLiQ2DKSr-8M4TzWxcjYPtg', '10/20/2024 6:08:42 PM', '2022-10-20 10:09:20', '2022-10-20 10:09:20'),
(20, '9YDlkXedAxdHOAbRad8AOhf1RriqUagULuaHKLBeUtlhpw1lq3LmpV9hoBqpX9im8mBuqrZZuN5shOdj39Bm2DfC6Yy2WtfIRNLsfi5OnOlZD5AhNr1C587JgVg-xPQShoTZGzvczoAIFPZxtisq5IoZYruc1uqfa5PGjwGJItN-VmFijwvst-kig7R78WJ6V71DbSHhBQOi32UXwhrcC9WEnD4B4OW6FpNGhfl695uZYoGns17EH3rJzDHv0FGsPN-cwyW4HPdddOvTpL1P0YzLV9Dyj9aW0WRuDIpXRREuctlxXihnhfoISB6h5WTIvaiFVIiX58FV0QRoIpN930vIdpFOtJrJkrfVNwDCl5uGtEkCWSaGhtu-Uhm5HhchVlGsY3-tVNi9Z5DrkF3LM72JIFjE5z-nUj3pB3cxkt96RxZk3YDuYEklkjvwBkBpz0qrPamVPeRU2dVVREfga3U5s1H7mRNOfA6bB91Z84gFeuU0zDAVGHUMZ0IoiWDpt9podF6CbtVQ0MnmZbvsc7oe9EU', 'bearer', '10/22/2023 11:19:24 AM', 'sxjMnkNF9gLJJjmyEP6buEnx3uyyR62AollmB_sPXmJt8VkKvCeOMJSE1HaloKs1HPNgg_uJcS88ki0CnRLX-p9N2vpNnW8JijAomLSTtHlrLNOJRHYPkoLPOx3MI_eTvmFes_U0L_ksEqOXSni7RGBMo6Spg4piO7D7WMeW9nvccB12dRpYIHjVnxhxi1OUGdqqQZ4hcPjZsTl20qaBVqHwVjJvF19Q7RckD5F1Ep_HZHLDo_XvUHzDMLOKiOJ478yaVXCZP4039rpsw2KuK_MNXdF1kMV_bpx-OGQeSFA78TrOl7yLHTKXMyMo_T3y4arqoyxeKS7tlnCipEyUkcnpeoQQYV2tFdeFPU6GNAJT5JvIkXW9ul3IIhOgefHn9RUxih6m7coUpbB5NtmBfju_3c08eGGxOBBXkArIzG0IsGh4JWAU46_WdJXs1anqj4jBXdZw4jPfKPFkynxhVzbxjmtztpG1W21hJ-L0lEJF5riIB9XoE9QgKypLOn_OFLhEtbnFHcYKB-EYJzfJhTE4aZI', '10/22/2024 11:19:24 AM', '2022-10-22 08:20:01', '2022-10-22 08:20:01'),
(21, 'PPUsG9ztO81B-iX_sz9S9R2IEkkg1Csn2-KP8HtIzONb2Mj2L8cH_wp068mTwQMvWTFyInjTs3XEswdyOSfzHi2t1CIkPNr31-S9N0guEGH2TU2Osytz7S04b4sn3IAVxug2hylgGDOj-2zNd9zntqnrRzpXkPXA7EA1w8OIlRa0sU5aEPC3qZsLch8oUZO-oEOivtsA7A3iariwTj6SZEF9O1K-N6IbbNXHbdpScfzI43A7T8k53ER3sTYVoVJ7JeIkYtXqeirn_fZ5EN_cgDfbZyWDQrl3yqfA0pFhGerdcxLbTOAMLcYfOT1_uBH2EVTBGCebdYWt02bi8_usmKtRslvtvdIueKXeN5RZWJYBhalFiJyXPXOT_StryNNb9stpXKtJaVNURQ9ekIcxOU8f6zsMQzzw8sXGYXGmLn0sxKn_L0D9Z2hUzxX6Ft-2wSWQwgoob3kinW-EK46wHevM0dIdpQ9x9Mlve0lBuPOcpflaIcudzO3K_UM1XnojTVNJ15y9AOML9IqVudb-i1GV5UU', 'bearer', '10/31/2023 3:48:32 PM', 'XnuKG0YeIC5rd8eKGhLhwpP_DlRU8KTVFP3cNE8kMhwdJTOaLkEDPlTg1yHUgc_2vYEVJCOPKjMI0ttlOgvus8fbMS-wS4rVTlRmLO2dY9-9heOw-PUmKiTa8NgK4H1sFCvkRpPzwt0PZoZClZXF6aA8U-Ml9PRAjKDrQDDe7fCeAegT2BPr2VIebffnjPm2rmn5MYC0V6L7cwdIFbUP6CS3BsgdHU2j6_WRS1fkHt-LYrlp-_YeGF8oZ-nA6ldahzW8WuYNVZi9Ly1iN1b8IQIZ-EVcii7t6vIicMp4lpICTxqEpQlpRasOJxqE8fePUP6JMfj0eKg8sbR_ZV4e7bP3GVjPDNK6MYLL6CDY2RIgl7jIxgyq_gGlYv12H8pbAEO6uJClFqwg9siy34mmWgUz3PkI8USbwdMtRL0-Qd-0ROUwJeJhQryhcs17v3wYyCV39e7_sbA80BEB7exjPDdr0UMPLHgjLmg50dcdTypD0ngAuN2rRAMGxbrYPafEb_6r4pSBr8e_BnxPRGV0Nprzdms', '10/31/2024 3:48:32 PM', '2022-10-31 12:49:01', '2022-10-31 12:49:01'),
(22, 'UAqo6OpxKZAGGwbNau__b6Jdb661OjsEM4KZDn76H076bIg4DImLAqLrrJ0FDdGYvQ-M3ThYIxLXqkUAtenzpu4ER7506Tnzet0UY4QbPKIL5cS2wgse8lpoo5hdZqrD6tu6Q09x4dQs96SxM2sMsSHgO_T69Z6Y6r4EQz87gVBQ3wRvxO2GPYJuaxC5Ruv9OAraIroP1hAwCq62kJIM04l_VtB5mQ8Ri51Pjk31x0vEO6pfZh0A6Fv4HKZor_F9LvAJiffDQsrt2VDB6ENVMnb1z95JGppzwQDOituYGQiwUnE9sChp3EkXBnm76vvpUbj4tH8_g9IfMnZwK9ka9stIOwRBnkRcirr5MmSqsuQ0RciMWrl0sEh5u56uytsXftQ_lKhQYE8_ND-xU9_qB9WECVSDZMZtLkHqOjdeVRe6OxA5_EPZ5ric471sSttEm3bgiQ0X1SmMF43KskDZ2iwOcPEgXO6eeiv8_EBCnXl4N5tcDWBHcr9RiuU3Mg6DKfE3yTGataf-qeX3uUk_AoP9yNs', 'bearer', '10/31/2023 5:01:41 PM', 'P6C2EXqXny-8EL_U1l10yh4LVuGPXFl9yXGwpfA46a2j66qN5C61lwJSOE9KaMZlru1odY_IBHLogT0Dzc-hBcWvmjqLKzc50JiTL4jv34fcSbecWn9LjyP6Q6xlUQzz3580OGE_nQxIwetAZ_pBxxkmtCKpbH5medh_9Rl4KQUoXIQj02oQB7X2NvSnj20AC3Zj_lOANjU0VGzPkyMAsRFApVt4OuoA711q6-WqxkUnekkwuNdLKWsEYl2BMbHXP6AU24HdzBFyhklSapPjVPhvDlaN6TH0YE1ohpUqmJuHPLG33ch82J_FhOxcElv1VG6zj-P7OH1oTC1z3wU3Ycbt_wilikt48HjsaX73kz24yIK9QAVzW42oQxh2D7hJhoBlCtzau9Qvb5oCRYmrvW4k60ZvOO4gLad7haFFzXHpzFNDlvWlvAmR4M59m4L5Xo9HfKRUy51lBschZcKw1V_49k8ji4m0wNefWDFz6kZ-uhQ6wCs__yzJZdXVLIvWFxxZOIyvaNIAdjEQLHTkON0Klr4', '10/31/2024 5:01:41 PM', '2022-10-31 14:02:10', '2022-10-31 14:02:10'),
(23, 'bpFo9kp0XNpEHVuJ6CoBoaItb1liuzRMN9BPmu2qKhe0_OxyLIkugO-Fm-iPyPmE4hPurtTK-2lnHFLsLHjSXCJk_Z2qBEL-IqAXv0_p8eCDimgQE58pZCFeQzgR_8FVOoZqvehahSSgsM17SjkXuZe8Do4d6M7UNc-wwIzktwc_KeVgNBCKOcYooHQuNse_HJnExj0T4E6LQVqEFWj3pN_VCQOGFY0ATzLwEl6K3qpqS3WJ0d1oIkErwZYwHRa_QPIwzvGhv8XXM4gcaLzAsU5N_sYthZTP_ZkadJ8ZkaAGpqz8_L4tXTtfRlmnUCSdIpSHhUX6H3Y6L3Nc_pntEunYQHCYs9Aa5Ho__i0XbggOTudtiUs46MpaQJWNCFWlFSP8IewCg4e_Kyx7dNxxsbWhlX5YGghCHnU5gt0vSo8FsuHz4qTUx0Vk4NRg_yrI5qy9NEDTmmxCRjfpJ90cdZPiawjXMdQ-l5Ip_PJtq30S7L65Ox34x0Yrw_l4YBGp7uQtpYIIcdf4EBru0WcTgAywHK4', 'bearer', '10/31/2023 5:02:05 PM', 'gsjSjbwDLknNi7Kc5zoRg90_sj5HLJl8WwVHdnv6MB9mIKa3z8BsT1tkodGgZLYrNXDbDQGCnUjkUvLVt1-9z4pWNFPtF1-KT8yAxBwvuM27Ry9yUscv-MtTKavOMxFRru9pyveRT5jBfnJHtZWY9oULk6aQxta_uo0UhoNv1PEi8u43kMAA9UIM5MT6Y8ZESMZhwe5TDV01rSShpM-TcHyFsbBBceePisfuMoCrD0jyKOMmIaU7JRKITO99LvQRUAb4WGGoPTF1cDPBYzb-HLcORZkKCxrn16pZbIpXmZh94PoHnvbmTxMwJfhLRkCfvQbceMdp2agPsq75Y-uCnetyj8p1hR1CB89QqAOpyaDbIEmTkLSwnnKyYrMAJUh7GWvo62UUi9vKNr8ZKUqzmCM8P2u7_sXBOq9E6Ekts5x--Rz237Q5p4LQGq750UIp-iJfUjfo72rJmKuuHNIf1k1wKK6YfbH1gVZrQwMQtHrryftKXCCLenBB8h4lfj2boHTRAZi9eamqmFpyjzL4F8uTIVk', '10/31/2024 5:02:05 PM', '2022-10-31 14:02:34', '2022-10-31 14:02:34'),
(24, 'LrbeYRC0YrsMQfRvOtVllJNbZ8WbHhoGkADgHk8baGK4SIdP3nO5YHi2CyWCceEJjvDcxJ2-6A3x9ddGzpDJl20PnrLpMXfsGgHMNGPlKeHBsL_Kp0N0vIuwpiN-5a-_Jey6zAHYAwCkU17GZRPISPYjaQWZtXH6MIGMhAhMOqvyockEB4v91AY0KxlX1jFmO2tqG9KVPxkIFwI3wSC-HNJGg3_48o0BpEGUTqyxKzpsLuUPeHLm6VclNZXCAImvl5i89OOGPC-x074ygontWEm50WLDlpYUSOC3DIrt-OfMKHOY1f67YpSFxMZaZRrNbwISx2mfx5tkhCYVxMs5yHl_d1zafY6s10bpIW309KNhU6ks17ZDrNB2fuwTBBoXUYaKprBUBKNJeJxVs8mjptZgzoesq9GVWFfCIBVX71tX6TvVpp2MOWiEjgj6QPwf258FOlEYKEJVRmbK9S6DBwMKew0UXeCWHJo3onblTFDY3DIIPQUMg9cPbMcv_U-GU0ktTXPbqtgVBqbyCO6KmJqfSGE', 'bearer', '10/31/2023 5:02:09 PM', '1262kC8_SweZThhQhudcSLgG8STvCWuMJotndhgioLEQcm9c7TeEdbE8RkpTgm02DPMotnQz8tGuVUhctqJeoEBCeAWGYUx_0q4-NJJzu9DA6OfjCBR4JlMNw1orvFR_8ZHf4Biu5jG7iYu8qod7Po7tSrCT9Gi4CIA_6cTNfhlGci_pYMQSAE9-iPxVZwf11QitREKuwklFbMqWsABF6F9TxVbmxLFkcNST2sr_jWsVQ4IbaFLjG_Cwb4mIM6stKDkkpoJ-mOxI5Q2GZpUY6215ENtP6Ci5qije4YAYsDh6pNLrX0E3RrBi2mrHYOuqqsT8WX3pWCGQvrEXH3OY1v-grEhJA3v62M1VwcL6HBZRITX-j91VjzGXYpzsRkyj5pzZUOQ5pDqHfqi3GgsFooU8U9FnLYHD9g7ROpKfu3p5oB7Y9cV4o0KgZJ3xEffLWvCgIr1ysYyeN0LjSe8yPm7yRdSm6h3ko2gZd78FM59iV3NfSmUbiHC6gbzzpauqNCCgsKULpFafJ6UYVRJzdNjrJkQ', '10/31/2024 5:02:09 PM', '2022-10-31 14:02:38', '2022-10-31 14:02:38'),
(25, '2PVLvYb5wHrmFlS7qqhZPJNI6q6g8oTaEzXbxGuVYfXg7E48QngRVVbQnQVqo6tCCBw4RQNW3qimY0r8Uopc8NEZPdT1DpLdGlI-0hr8Dx7nerLm8BbFhJzAXZM1T_9-nHfbRUFCXFZmADe3OWAvyZJjMtE5oZVES_eJNcRkpCZjuDKHkIidWsj0NWcquupYVjgag6Oyql_8zf13_cxRiofTed2JNKQqzqgBsIYBMSKwjvWZW1slu6kChbHkSEydw32xRFd4kGGpc2BVQZoPTk-0nq5RHklJih6yL-rUdoejgWaqZ_Wqs39ywKYAgBd9Pn4ZYutRbHZ2n6xcTz8KIYebwLP7_P6OLETez7FzO5tgGLuBBpcuufM28c1QGOynURXMwnGvBbMQbXchXvvXlJ6snl9g5Z6SiebhOzNaecdvZ9a8u0qDamoCHP07fPGoONcBgyS9s_3jZLPweqq7AcFVKPUycecq6d-b4sWhAq5D5yIzdD6GcgYEFFxTP1-ugzYSYxNgi2vMFYcDOySdSBSD7iM', 'bearer', '10/31/2023 5:03:03 PM', '7VjynmwOwkWDzbzzFcMG72gL3wG-e8mEgIQIJgtHA1llh4MK1EZYjeUxOyd9YiU0mv1ZFf7WFqLiL2X99qnJ19TahtvV4GmbgdCTYTwCnCcWDYxL3CcGenOiyxnt74EUalOdVeLG26sokBmkIUOQiy08occjIcJbk_z6Jxdnv2DjBGEm5iK6iTom9QXAppgw36l9qSCo2Ah4kJJuv22lyNulaBOLhJdmw3RRUzlBC53fTGIR__SOMLwy0yFCMy3slbZgdkUGUDQ-6zTO5flokUjohUlCBrsTy_ufB8usYIxoPo8S0PtWXDPqZ7XSanbOKwdET2-skl_zdXN7HiaiBgDo-1C64pWw-rbVBThFvOYLL_6a1mm0TLxSUEV0E0hcTnxNIZ6NSiy2YFM5RdiLgHLMoBIa2mITuf-tuXJhtb8xHYZkN7dQcU2esv_U-fJRa_0hDavSLDkJW1xYEqyPzlx4YxCLY5DcYkWvdC2azXyxRzcLuIBodPUd3dz9o3MYdMeUV3sdjAKeyienFOwrXyG2WwY', '10/31/2024 5:03:03 PM', '2022-10-31 14:03:32', '2022-10-31 14:03:32'),
(26, 'b3uxY-ly5a36aj6DlJkTw8Ro4H-VdpTA5UBDSyHGFhMhSsD0pK4d8bO2_6bC0PqgxvnoJNsiIuEKd-OahByDCtVWjsEHgpsGdXwwD0ctLe0UCVrx9B9TItuxCkCQC3weFRMm6i3DtkFt0iwJCB18pFnxpX124ahw11UQKkb52INSuW4TGIaed75wNb7p3gq_f-dq_StPPfcYhO8xHZwUjUij50eT0ZH6JsG8JxBDAb5gqpCSu-FENhrAMYGZKn0ldIAHd7e9cL7eTEb7oJHmujsfN_ao4cRsKUOJwfw8P_lXDz9RFlLNifWv61W90Ze6cROvIFJKfnspyE-eI7bR0vkeYJurrdan_nZgAwljSqqsPC8akhT7w0mIwn08N9XT1Jc9VBVlMlP7BUIlAoj5kgC1_9B9nivyk-vEgcMdyXFylWAhChfgV7_L97kub7F-UO1jBa6N9vSrBQEbik1JHfyYsZ3GQGkO_M2VO72FPgi6RstDOWJD0_gqjvdSQWyvVPJx-9Y05h8wLmhg0-FO1ZZCG3U', 'bearer', '10/31/2023 5:04:19 PM', 'qZzy0Fq7d--ELWNA4o51iZOLE2s93lmCaYG7ZGwDQWTL-ICZZKWG3V-cbE2FcgeGXytEXAgR9hOI0ZEpKSmywlZl1nkYTO6nD2aFXilCE8yHxNMkES4qxYNPe59zrKFW9kyPBS9wJkyBAgcIoDSdQsQOu9OIesLPa9pMeMqGHMvCr4O4CV2ZMnXTwy1lxbgw7XZgPtFct0glFeQ9dQGYadg5mBMT-_AJHHPZbINA_lGRruR7meE7zW9hiuNQP_pGyYzV9Mkip4I5c7X2Fq-QPv1S4qD6QoKE2UaAnHcHvNcyO26-1ht9wJxnC8Wd306wTdh1VenF75gQ9jGQf9VYu3reAUO5o4d41SfooKAtMyMvwdrXo5mYMo_FJkiCTzbifnbE5oXwtE_Eete9xL_jctvuiuJ9owlII56GFSU0KiVxckTrv9a92y4mjwrdl3MUnb8pjQT0k-2BKoEh_secHY4jsML6hE9hJMXBoF0us3yRs5lFWN4AWqIUr8gYuv3D9GAFFUV-XWJYcCCst9ijvdqW11U', '10/31/2024 5:04:19 PM', '2022-10-31 14:04:48', '2022-10-31 14:04:48'),
(27, '0pOo2fnAQ3hMaOkmcslGL-ynzsUpGvJ09xSsgESzInSPMEmxd9k0FOmSJr83BqM90rBor574MaYJdmgyxqWfositxJzMpi2Txh2oZXcWINyttJzzQjWrxFyfbVgSww7Ju_U1WMdvd6hq_zQJoPyhMyXgH96QdcA7tgk1qARQsw_hUgLsGtaaLulmBOnrtNZCAcDy5wxASNOGYtADjVNobmCCMIs5QE62YlIYkTcPbayWxboB1ugteFc6qc08uF-axZb7yAOtX7hE-JOvPLqZF6MkHXEOLhIFvXgjMYJphniF5p6cyNMJ_zl5psKsGL8E_ikDvkEpuLpVlWriqTnVYQziXq7kHBs11iUTF3UJSdXwyPGIW-jwmKEFMW8VIqteCXFBN9LbwV7_39riJotkQARnl9oie-XJkODIV7uXnzXd0R5EB6ic2wbt-jbVeqZikhhpaibqZFXE7jiYhO3fFUFmNgv-bUddFN848_u3bODKaQ3iZRUpMeAKuiaRC-f1rBdGk3V6N-ZTR3Ek8Ew6-WZhUkw', 'bearer', '10/31/2023 5:04:31 PM', 'iIwTSyT375MhR6Gh8YBv4x5H7jlZglivSMPLw6xMFhHK05BbUukbnvA3ioWO_p3Emx1iMX23Lv8k-Wozh1wo3m-H25hTnCL-AvxO0Z725ihhnAltWf4qx-yn2oSv5K0sxOrY4X-iVlwRS2P3aLCE7AB2_MeK_9641azqmu0AcxO3krEVHcTk-tgxKC4WHuYQ2ptNalkNtzFu2YZB8eHVWnNXm1z6T-OkbDddt1CyNOFAyaZHlq7fTYdidDu42vht6BQL7ootk7KM_OoenUVbcmyGP_xBd5qolskPurymPRlL6xkzK-k64wJAnVBTIF0jJ3e4wu3jHkkSscgffULb6E8fCnufnw5TBV-GQXO2q4fXzi_68f_tHaHw08v8G_q4OpU2kCAhE3wrVbG2wjot9CSDY0ItMeKsIB3J_CZf4Zg2H48YnXr2IwYLnThzD-qiT7yzD6j15tZkJRL5zbF90Sfe5kqC54M3O46pDK7HLOmkft7W3_EsJYrX3YAA29uNCfX0Y1VdGcqg83L4p2yNBQ9JjJk', '10/31/2024 5:04:31 PM', '2022-10-31 14:05:00', '2022-10-31 14:05:00'),
(28, 'BWwi75HEQRhI_fawMXySiNeDOMiTZwlKeDZ526c2-NaMHJc3uVeazSjWe7MJxiSCYJ0wKXEBVkqg2I-EgmVabH6McTmy0ftkGLZhiZkLBmZHxyenZMS12sdId9ptxb5jOG4qsQY6FR412j3f2RbfyhkHTULTfRAJNMIgw9QGtvzBxgyoU8LbOktWYR7x6LXtnKBjucLoL12sC_VurSatYd63eJ_NrnV7oo0VnAvJLyd2y_szHFvHQul2jHeuj0Ho9p_O7v8LQOAXACGAtqrQz7DLCV0bZZhO0WU1n3379OXvkQvLpJR5VcDX0KzS-kwgIwq6V1ZdNVGUzawKnnH0oxKwMJbUdAeil2YHmDHYzrq08enbJumeThB62br3JuKzbmEgUW0LqrGZyNGPf2m-rii8w4NqWz0023FbKYf7AwHK1hGx0f1ffwigXtt8s3W6qoO-_7gxuV7lNoxXre5HCZGHacnv72QoLVkTVld-i4Qbvdi2o13I3OsWBDDXeZ4fOTCLdBFdKSs855jq0qppP7Ar5Lw', 'bearer', '10/31/2023 5:04:40 PM', 'LU-Jq0nRpAg-xdyp7aV9GVDAnJHp65OTSTq5yHh26_X77Hm6dwnRHRZ3mHzBefxTt1ZQY-MeTqLDArF5XlBX634hxIZ9rkYfI7izNnQstQMLU4YN1DLynvMAkxMwE2DDlKtCCi34mPbzeG4EJEMdLJKIYgsdKqJCSKWS3AIb8HdZatnn4GYTBMPzUv99wUO4jbRlaoWW8xmE7Ncnuq1qg8lS0wJUuo3d5N5dd7eJi4vhTp1x4wAe9jtE9BMaDC4hKAmHphduj2XNKtgXL-Z9TFz8WHckxlS-rcfoLVxAzLOXZNgO0liZU_v8x2yTuJgNRwPisM93789wOj23oTfgGm1CFDsEkSE3nxt3lESnA6sWXAoxcN1akzWnYmU54z2sOwKIJXngPXSpt-NyJjtFVqql28_bgSIHVP7ksujcXvCYyLwxmZedV_K0Fxmyv4l34BUklMQS45kFm1KO6T1hqH5CQlFyYnDNcYqa_Biu9mGC4-rYxR5EIGpkAbJKz1TytNorLk56KB2nZFR4KYnaccgpi1Y', '10/31/2024 5:04:40 PM', '2022-10-31 14:05:09', '2022-10-31 14:05:09'),
(29, 'py-52ff8_9akeW4B89Lsxsh4Mu7R4f5R-aTqyVnK6X0i1kwbFIyq7XbxVerXIFaRIOCs3DrF68oOW_ek4ia4fACSXfCZvXq81gm9hN6wkLuwidMh0Y4MzvBGnhcOYWEfEzVb9ZJShErKiKQ0dPiZ6vmp02ojSTPcxi-TgPCuBZMcpVrRiF2y_vwZy4Ww73_l05eO0RDbalJxsr1Tirb3v5SxtmyuphFc1RDWvCLZeudG_b-UIWB9NVJPV9cvcJODh5xVMI5xKUqQDnL7l8VFs2gVrDCYCz8kJS9dtzUP4L6TqJl1UEvMCZL2rMjfoOunA9AhXGzoTiogGEYDUzv8lG9t-A4TaGIzBxQvTbbI5kMFklEwuM8WF4ULZTfmdNksXQM-6Z2PhxaVqNf9-2NYZJzeCpRd7SuUn8gUNgWqYqFZ_M5gKof2t_cyoOTSAX7Kv6C7WmespAu0DtSWf4igSyEXcVf5oxCbId1DBthHPUEPlF22oG65BP15ulDMIjGaFpp37_ZedXCsT0HN9pMxFJUyYRI', 'bearer', '10/31/2023 5:14:17 PM', 'NerLYHxHrhUsIeabTjlWz9tD81XI8HW24hAHnMcR9Jnj7qNgPA7JZfSfIPWOHa3hvhNKCLzqA2G0Qm6dHs_8OQjb6mI_afnHy1tLZ5rc-FVQXh5FCpnYa-sNp6RBgUc5Vq9NnOFfwjSsFwmEEIXMwnk2lhrdzpAdkcKpLIkK-eFk1NtVmqzqdybhvSY9VH2OJxKavwzPiyj9e8kxvgdCxpRZtjKe9DLlS1y8ll84zbsdeOvhXS3TrwUWe2sGX6bvTjiUw87aufAuEDekkOG0xOV3yADt7SMWqGB7nuTiHT7y1yoklsRtqa6kNh_KjI3dF88ds3ZlGKgiKbGORGXwewjMPzW_CY2rtJVLGJh6nNhJEY3jg0o1uwgwzG77VIOD6l3sOZ8ngnwxMSAk4_Wvg95J_xUabF5hNVRHrzOsGf9tBc8LS_Ui_AmI_OAea0e_jetCocSBfHuqYaeezJmS70R1MGB9o5_cwmPCeVQn_YkvR38wopXGxaKNPGQk5chtLUGy7qV0_1EEdq0kpcJHl-7t6QQ', '10/31/2024 5:14:17 PM', '2022-10-31 14:14:46', '2022-10-31 14:14:46'),
(30, 'v7oyDSsptg5LK0eJyqeKldSfapv6NXbK4XQ5nBdttGYZTQxRO_ZVDXMuzpIzoH2kQ25S2vATyVHIL2J0TajwNC_f--TUfv9FDUuVSbdhFuCeT5NdoVbG7o1XIUuZCsnpr-s-y5L-vOWVmkj-l7QugOXXX7J8ZCOa6XYZOAp5Zy7oYL3R-tJh_QkrKWui8fkPzwamX2t_efTkI0Y1QUkHYflqbQXhIYAdOu9k-ZNC9YuHyPomMX84ZVDRu3suJ-kAaSwvigAbvSQBfxfg8t--wSjMpgs2ZLChPOIDfb5mFGt5wY8ymeztYV1-d98YsfJ8hAv6XGWMrzJ6RwcWGatww-utpNM2O_R1rz1gokG-ubCHYPi5gG38KiuD2gZG2v6nHBeqkVh9lzuif7440L3ydgDvRLxst4aNPgMOZAOhgoH5cPbYSH3U492dAKkD0E0ANo5buzFkr83-VE6O3It-KX6ji5Hh3LemFmQZJzI5m4gCLsqt9uj3L_1TkP9kfCALpVDAskflXOLcl9iXO0hhcHGZCkk', 'bearer', '10/31/2023 5:21:45 PM', 'CEHREYbZXYt_eEpFwSsxfEbfpdpzAKLYRSR4Z6GoHhxXb7RBtampfFSzMpHDYqtWTso4CY6gdaoVmAs09aPBq6-D09_rrCd0bJP1H88p2XQWjYvl1WQ9RRWAEmpjZHUPnJapsPP1XxeEF3_3QANtjMZRK9p6NkG2N1PNfju_4wx2V0LXfjsnZrFXp8cRWpsQ3PO2NbzU1pVPKVI3-33xJsWiALqxb6NSIHko1RGnjrn6hTPL9XPil5DDU_Ofi9J3pxfpKfVpgOZ_2_YGP8YKvKHqPXUg2r61mOV5QX7nJALkvb3bzFlc-B6R_TkOuAASBdpxchXNL7rPpRsFaOwDJVCG0EvA-L2g193JlIcERKkqDPdwKFD1lVff9Lw1QdvqaaFlRiVg4GCqbj8E4Nh5fppoI4lOD7KZ6opSA87eanY2uTjDw7_65xkCgXeh4GEdDzMxc_f6zq-sKqydvia5BB3gH5y-dimfzXzDaN-7AINzJukBu-jl0EN-uVfVA_bp491-KhgE82p1kTpLDuBKmSETE-0', '10/31/2024 5:21:45 PM', '2022-10-31 14:22:14', '2022-10-31 14:22:14'),
(31, 'hy5g9uqcLIrhvwWBmEWHro8iJbfAUYsiqb563g_RATfUrmhuBlp1z8MiKinhT4GVxPgYUwk68M2eJhOqA8U9-Tj99kr8O0mRxb3hZ7VyvB-XYN2n6W8mSw7sjBxmtluTfZm5DdznEa1q7HYVhp7a4F8_0e0oTgkUVeaX7HMXq5yHZiEEhRZipQJ_D-19bV_3Ri5yUT7ii1CJmNNeb7iQ7z-bKQNJ9JI4gVK1OG0539Y6sMvqdoy36n5TbpqXQ9uliJDd6mZf2Ba6h7aplCguEX-0dauAPp8cIFDhjBVb0-E4QRN0IW46hAeEfG4TxpP4FsrlNsSq03KF1vDVI3ALcf6ltruKb2tx4OvKbkbVDZZWFsRPE31V0NH310ECZcZ6mwpzyIBSJ3kSXBsKt7t34825e4W2hbsL93fiNVrV9bGpHjSa5B1rna8tjnvkND4QCesONFytpTisM36svL9AGxkogooGEjVhV6rrx9Rke5xQO9A4Zqn4wLi07U9cRBYW_G___ULGN6HARUYMa4nGmDwYViM', 'bearer', '10/31/2023 5:32:24 PM', '08wffzrOO9R-IS3IbuWk_xfvqd0p0HJqH_5UKgYjaze9oEC5ElYePeImEFbBhxgNewDKptnj8XG2FPZWRq4jRi5oPqm9bMAATzCbTjQYRJlE9zBIlUfYPySsXOy--Xp7FzEluHFonR_PW_oVcsL4ruNA1vXOJ_rSF4elHr7v_Baxoz7w-lvK7mYFSu0NMFxbHCp3RadTuS3V2PGn-1IFi87hqAWnoeHbEx87XRH3x_b2BkLHiRR684iNV1QKEB8GrfJRdBbYSvftTNRVADpEMNFoHVYWPosqJIlnFZHlHzTDjYYnbp1gWNoRDsPM35jdKusreyRaSktbsfOHKcogqmvbGJ2eAO6f-2YYXBG0lnp-zq7SPFRC2P4T1ryXK4003klt1t2uH99aPkS2E7fPoGw9hwdMjguDGZTcdbIExrx3nOJD6Ir9jM_vKV-pubNlijOlbkCIlVLC7PixxnP6xwh-VQUI8kZLKGvEyEpic4VNqFeWC9W2a_eUAx6Rru4NhDq07tvZL3Z3cAqu7DfAOTNQpY0', '10/31/2024 5:32:24 PM', '2022-10-31 14:32:53', '2022-10-31 14:32:53'),
(32, 'KRIfkgdbfUsXz_U1sQLy-p67OH02rvdwoLMuGKlDVMmuwqwsH7K_DitnUX91YTuD-dv6KXw6TV0phuL1bcCCZNqkVAgTt7ly95RMiPuvSR6BoVgAhEKnqwOuy7m5u_MQhkL5S8BdScJSK01UsWKg5tP7BsNROLHKmdw80-Dfy-XFNN1VRCdCbdMmmsllONWqaXQyhIE7WOFT26B5uG72x3FelHS9M995X9tsDPSQvBQSDMCkIGTztDlxclefrH3lGUWF4EzgKWwLF62cNfaDMup0CGpChYqK0LNO2sQKXxC9McFcOShjLH4L8laWoLTrvHshn2NxNGbJ6mDn_CNJYoQ5CvlBXD0tTW5mKl--J_LZMPxjl8eIA1YL-665d69hOSuNWTXt4bEd0rsFs95O6E61bzpxYpXc_xUv9YyWdtF2UkmG8Nb6XIJ7qHrkP6GKjGfVPD62TBN5pxkW3622VDWkSX42WV1KLVzjfJiucG7UexyIJgleLhBsoPPK87tAmx-S5hWopRTB7zzGEvbjWUCUAYc', 'bearer', '10/31/2023 5:39:00 PM', '4P2oNHhRrnYygW1gJf-wYQcEJLT7TcQJw4Z0hAKV4FbwU2KE09t1tVlgKNn7uvjrv8ur5PoqP-vegW_lPqTBDaKSYMisfqw-82aPyfL0RWRRke2LcJIa46Pp63iM0lD4iIjeqhQw2LB9QjeqtELTH3n95_6i7kpN4Bns3tBjVqr3Fwl5coYv2ebgZLSgu5bxt6YP0scsJgAOkW20RKl2TYAxoFvyZZpU8GLVZuCZvK_sXkePWmz7QbSoEgbVVfDddISO7jeFO5SN41Dxb1YPXuzrwDTFOaDW7Su2Q3m7Pg2f5sCd4P498baUknSOW9IIrzmF-7srHSKuvvccp7H5XDOV986rClqpCIsAjDYQKRD6m8X8dDZW8jEQ6cHoFbfD8EhjMUBfKFC2KX7Wsr7_X_aVF8LqGb-qZi2zrg-sgDTV267-2OovSZGEGxmxCbox53Uo53n_obbvOt-qHPCaxd7di8OGSvGlpcAejSgM8Ys0PY_Bbp8upHXpQuBqlfyVtRlWa1WIo46RC2FGTPkUtSBmYgs', '10/31/2024 5:39:00 PM', '2022-10-31 14:39:29', '2022-10-31 14:39:29'),
(33, 'hCK9hre4LdkI7FeMijM8h44aV4npHYLuqqVtmM8wuJQ-Ukaqp12PtR8Qs6d0RG9VofGsXL2azEhohqvNd4aPk8tMyzhifDj5_YAgmo1WZbC2uKJsVXeQkyWn1jaHWH2pqlw3I3rrzw3CkNCP1Bn92ReACHrxUXR79kyg-C6j1ghmXuu9_oq3D5yzhfvEXf9lrMIpUIWy1URk3VsCKR80DpyLeTJjOuf4_S_0zxEr46-sLAG9QH7Ep_oCbZdufZxy-67J5d9pOgyci11o9C3osnkenfLSwxI8uarzXy3NVcAHmB3ttmZTx0H5yGgztfIPNnEeXEcm-iblsdsc-dP0nGX2h4U1O8FF5pLaUPDQcZ6GUa7I_4W9J-FIKMFVCLbqTEjpts4zRWJ0PgiNpdsnlc-0ElmWe4tNjTvIvXtWFlWjPOPpU6gWXgtL-lcpvyNEXPwS-uiI3rhv2lynKl9VOLCO5QFUmKv76j-xj32T7lDRMCDBRKuBviEmmf4CuRX_VkoHmuP9JjcVp4mo0A1SKrb6duc', 'bearer', '10/31/2023 5:41:05 PM', 'q03Y-xZDoExzLXqrjLE1-tA28tA9PNeAa1Aw7O9xxmlr5BsLXy3KuVE3KjAQIki2gHVR-LjdOBP1oewQWEtFir5S6DFMKpMAkbgbJLxVWXyyRwEcA-T9CjAEdVcE1FxC1JF_bJXYkw4w1ix45xM0HNSZIeCyhNdz-Mbwo1YYR2S6VgkZWmcc76QuAskWqrPNTJEasmD2qfy6gTMMqVUlGwEpgYFKD151kBXMYA0eJ-V7kVCOkJYO7mIHDE7TTOOnK-XgXGWUOaPuqiFpb_WY_6vyOHM2TdjPnRfkl49Ao7GCe3kxkMO77_Fuo5y-JBPArzjvK683Gb86BFrM8qiogKpmiq5jbh9eg5Z6AXHlsPVWI93Dtmm5BqtTrk52IC-FPvElnM9Lg8w5lL_ebNnh_WhW-vINWbHoUT5wbgocedUBZ93_1VwHT5D_pd3gyo0UjGOEDux_D-0BFmhBmksU_nI8S1NwfIwX92_kSfAVkw6Gm6tQIHXol4alJWoNeSib5dcMLj1os3TqvMgexna2MWPInN4', '10/31/2024 5:41:05 PM', '2022-10-31 14:41:34', '2022-10-31 14:41:34'),
(34, 'apOxHmTdnkBsDpdO3VbOzOmD8Nj2qgdMcgsXz6L_banMDzOu2O71LNws-G63dj5JcO8e87CiXx4TuKB5wica7AVQymSVNfWL_qecSNWKsYF-Mnuv2Pf8XwHvQFZeVbmLvMLfCMGI4ZFDpN9y2vDgoAwhR8bT0Lp_7kI5uanMMEAlycTPWp35xB9t_VPaxHzrgu8qsRwGX2mIdHgiZHmONPCzFBtT5Ee83yAUfCPVH-u2j-M1jcPm_pNCKpYEDUBkCvR3tq3mXfD5XaGgruto_ffZROnu8Qe5Ire2imrkvo1spqISET81xz922vXTIgQ4vUkTVVsa_XoD_L6UZbXHAMQ-DXSZlpCD1WIyxFdVkuu_YL7c6wRx0WBYQVkG76PL9A2unRlSGm3NPtB9rlttufFXS54wR_YabzQMfcjaNGAyNizq33maHrQofnNwqyZ01RSuAnOdbAVSRJ1Rh1XCWng8uxOIEUjtlpwnX7GJ8gSZ3zhPHtaGkpUYRsZ4t7GuCccKubrYJWeKoioRUxLoQBtqVeo', 'bearer', '11/1/2023 1:39:09 PM', '2D95Ih9AczT7FbTt9xFW5xhNh2WY9FXSEQz_BW_zFo3mLHz3TqKbSxDp0uyOUepCZDoihCKhO0skEBenXiFe4q_I1H0MNYee-9MwTi9-j52lXSfXqWyN68xIjG8xWO7qn0xfPhV8KLvzjdfmP5al1s6bGWDGu1GDt8cThnmR2ievX0xGpMKxZbV2ZJGrrkbtWIzAUjGXuIUp-pXj5DJeqzqUgsbmyMF4FE4NLE2ovUsAl3LrAimtrWbcQubbznh25O83sd4OTz0Gbz8Nae3zxc1KLzIPveGM6OX84XTZflyFwJqygcs5YzBjNxj2nVarOe9nFhK78PNl88fqeOaEQefUOCs9Bakc74nKNNk_74Q4PT-7Z6iKbZvjFyoIVaL7FsK7mXrSuN5tDlb_494SeQVclGOfjwCLCE9Echmp_RV1-y5HyGZmf30rNzO0Bulmgr3Sy8IP-fAFFEOzZZxMYbnAg3Fy1fh6HAnVaJD-BTvd2jGMQPjPxrsp4eb1WHZO6VUfTuxA0I-SCuY0SEHwdsDlhx4', '11/1/2024 1:39:09 PM', '2022-11-01 10:39:38', '2022-11-01 10:39:38'),
(35, 'h6ePFjcCGV67eZndFX8T-f4ADhSL9ugjTUwXISrUHGrhQh1zxpJhAhGMdYwm_eFFu73vG2VNpAxriAfI_YDjPTeixFp5jgFC6UW5thf5jIf7cRFc9SK9swxPQAqxtkSCFz299WjjqQJlroc36UveV_6bPFPKf3oJYMHK2QG2epVHfDQCSYX7iGUk8Hyu4jp4uGSkhOKP_8TCBzmnI54xKAwBAwMHJFcyc4mXfdEi6F2_-oe12FXxyjR-BJ2RIyjX9c7PVGlyWHaNc_VkE45SPPc-5WSVs88255X6wPkIsW5Cxx6LYe_ZAv8wta1a_8s2SenhoTVznrqrw2onv6j3VlcswPaOoskaJxXCLjYaH0PsBrX2_JDSGy2ZYCmTXkvy3QMwpCLcqKvuSvlv43uqXfziIu_XB7ddqN2-PSzl_EfDZt_nztBm10jfyNiOExlY9A2n3i2AFooHTiMR4kGQsCcuwSFp5qs74BZJ9MERUgTLxj5iaGmXM7xhjB5bEycAg3Qhet4cB_c3wJi4e99USLyYXGs', 'bearer', '11/1/2023 3:53:57 PM', 'SExlsFongupjDxC9pBHgbRZ9jjY4SaJR2FJvf-T1Keb_TDP_S155H4zEmWKHK5vYiPxaTvCmqBe4GIXeyPB48jHoLcijSWCOM4wO5dJgve50JTy03LlavAnWIBj1LKjPNWB01xXcYK9nF9weQbSCUcy6N-K_sq_USeEh8JANqFWQZ0FiPieGI211fROgLruaBNAeXcSiPxx08LK6sP8yr9WUadmNYCbd3AcbbeQP-aQzPaHlWq5Dm7wfpmR31hAsLlkbjH8qV3KONSj4b1_3UxFS1E2N_oPkhkohOOoe1VZe8I0xjFAhDx3wZ7t-5uVDvpuRCJQMilJWDsY4_C0GXvuNxaPetKflzI0g_AraRZz1SxATBJzc8fd__zUXz9hUbMp_lBIEl17lQp21LEUq7Hux0JUfDb0oZ_GesumDvIBysL3tyU-ldBWw5nki4Ye7fgFAEPCBRUZyFE6eAmAMWFKcVibnWlnzuLPKPybw5EYlsQzxlEkTLuEZG2Xh8P8sZpoXb8XE4dW1_qH89S33FbxlwyA', '11/1/2024 3:53:57 PM', '2022-11-01 12:54:25', '2022-11-01 12:54:25'),
(36, '7fddyNA5h8kQM4Meu5Jieejti-imRTVNo5Fcskt6zOLlsEtTQCLIToxb2VZbCn9LVz-D_0BFECULRx-NAsY-xsiZ2JwQCw9svfl4vOSMNzXuV11YHIb6U-GRV-1Tp6hZXYG83Mmm-RcFSJHwrypl5a0IjpW-qB45lp1lwHulHv0ShZVJ2eA525_FDc2Tl2ZJPiYV4-hNleMU_Dz2QmeLC3teh9v7bK7Xjew6s5IrBzmXhTLoq7W5CmxmTkAQSP9v-x_IUszzK9ulDDiCUOood5cFJxcvAiWc4VG3DmY6SBCu2KsSr2aJYWVcHtFhcA1VZTS1y_yWMqxsuuj3H_HV1JfQb4R9quln498sLIg0hARA28MKz7o-ubLEhWwQEzxqYTvryhPSCy10QqJqyCG1b2NM4NwWoF94Ozrt7i3BObmVY_v1npJY2MkrK7gL31e1zGgPSeCiP8WWSQaN3-U5jH5fIzVIv3QG-ql-HX6oDSf9ezsdvitldI-QypWGgQFG5hdvZGaxU0vZ-vltpJabZYQy88g', 'bearer', '11/1/2023 4:00:06 PM', 'CsNnuldJr1lkUdqgfDwLwa1GwA7NOKECA8UqOdPmNKv18P8RFxxaV9TIdT4xW19z8h1On801W2IFesbEpXAJLZNCqGJcwjIIk3NvUSF1UZPnMXcy1PmdlXohD05yX9qttORe6Wn4ABbU66iL9R_hm9djY1uBLME8IQrABA7xGrE7ePWfNMyIgRqwny1WFdjPjfoF8kQChKeLn-5AEbU_Nqb1DEpIObkNYnMqJjlqln7xst6e9imAr7eUwh-30JINupewTPeYvqgAZC91k-zqmXgCtJpcoZcgH-u-v0ml8euC3-yJKPddUyTA9v788Zn1rE2VZgj1lwTAUfSmzuFZ9303vWwMwk59o4i5I6f_jBulzyBEpKeURpmK6DtlB2z31w0GmCwhRKEM51jk54FKEyxyb2IK59RmE0Z1vXLE3d0XuaTkJQ6Pm23zxA5EG-WzfkaeMQwc8pF5mLpL8GwZwm32YKRIBjI3yA77unfyNInRKGr80jsYl3LEY0PWLMjIw3Gp5E_O3kyKdWeYzS1irLm7PbY', '11/1/2024 4:00:06 PM', '2022-11-01 13:00:35', '2022-11-01 13:00:35'),
(37, 'jlTV_iDEWr4Zjj0dxeG9vISfZmUJR1gjXI8M9gQzaicenR5lOiOSdf4wpOcKZsHEl-JhgkRuYuHY4SWuFMPQktkaoaCswMPHCFz2Qk4o2xr_EtCAcLtCbIhS18zPzwbf0aY-yMUCqe_rd8REqh0ZJOL0lmqpF67sQCJgYxQDApQ7IY5nBuZypz0ckSo1kwetVqBY1MzgMCoHlisY4Bod9ztcloIu4cyvWfCPmY_mak9WB0qWE65nEBLEZbQBdnPDYcZiALwdreuexH9LofE6RrbjY5oIF-sbjs00JPy3ep03E5ccyfDRkPQ23VbL6d2_eTPHdR8h4JpXY9eu_kLRxPMXiLMC1DXH6XksCQ9giaZ0lBtZ5Rny9CsAfi9wRzKeifMBAxiEj_BZNlhqOYc7S1dQX6LFaZcjg2uCer4fuQkSXjK06PDDf15VsqOFPB5h_Mlny2mi5tVp4TM6IVd2YfcxRP-n64Hn-dghji1ejZ8IQ4FD6Q7x4OSHt1BEa0PtU0Pt5mzcxAB30rSQ6vOJjwePJ3A', 'bearer', '11/3/2023 4:18:59 PM', 'kZnOt_egItJWB8qoi1z5-lgikeOSUdj4_ddDzD7iTX4Yck_UNXzvEpxGbjMO-uuvoD6pF5_jUJ9JFCepO8Iko9i_Ckebot6n6shzioal8p91SaonvjKTIyoSU6BmYxYRzMwt8Tclgw_5_DPX4UtfD8J8sAQ0JRMbJPrWrSZ19ICPYNS-uT3tNJgpPpP5oqPgEePhnd5HXlVgdvGnHz7jAvQvAwjgbqKHXGlVfo8oYOiNHVVXNBmGsX1xcqdJSdN0UQNbz76w7pNhx5jyX6hWcCxBRaytoLMgP1fDbSOCTmDdGJelpaekTj4TG6vyQk7VeFIlnNCl2q9umKKBK3aOPolmrzmjE9fe0ZwgbDsudTT6RnydPS7noKim3tBSLqA7qDondTj_pOwwBQgXDCjigL8SZrhvkWW6lSk2rb9Yw4bvKeTgsglrXZGIlA-PtmP86c62fPRhsFsLo9whLv65sk6mAoJMz5v_kDnME-XOEJAEmesE0yafKVH0TsLC9WbYKdaBMJwW8J6OohTR6bRAYfw1gsk', '11/3/2024 4:18:59 PM', '2022-11-03 13:19:26', '2022-11-03 13:19:26');

-- --------------------------------------------------------

--
-- Table structure for table `migrations`
--

CREATE TABLE `migrations` (
  `id` int(10) UNSIGNED NOT NULL,
  `migration` varchar(255) NOT NULL,
  `batch` int(11) NOT NULL
) ENGINE=InnoDB DEFAULT CHARSET=utf8mb4 COLLATE=utf8mb4_unicode_ci;

--
-- Dumping data for table `migrations`
--

INSERT INTO `migrations` (`id`, `migration`, `batch`) VALUES
(1, '2014_10_12_000000_create_users_table', 1),
(2, '2014_10_12_100000_create_password_resets_table', 1),
(3, '2019_08_19_000000_create_failed_jobs_table', 1),
(4, '2019_12_14_000001_create_personal_access_tokens_table', 1),
(5, '2022_10_13_203232_create_permission_tables', 2),
(6, '2022_10_15_195243_create_orders_table', 3),
(7, '2022_10_20_084220_lafasta_access', 4),
(8, '2023_10_03_102235_create_categories_table', 5),
(11, '2023_10_02_152658_create_flex_pools_table', 6),
(12, '2023_10_05_125439_create_companies_table', 7),
(14, '2023_10_05_142535_create_projects_table', 8),
(15, '2023_10_11_100720_create_skills_table', 9),
(16, '2023_10_11_100912_create_appearances_table', 9);

-- --------------------------------------------------------

--
-- Table structure for table `model_has_permissions`
--

CREATE TABLE `model_has_permissions` (
  `permission_id` bigint(20) UNSIGNED NOT NULL,
  `model_type` varchar(255) NOT NULL,
  `model_id` bigint(20) UNSIGNED NOT NULL
) ENGINE=InnoDB DEFAULT CHARSET=utf8mb4 COLLATE=utf8mb4_unicode_ci;

-- --------------------------------------------------------

--
-- Table structure for table `model_has_roles`
--

CREATE TABLE `model_has_roles` (
  `role_id` bigint(20) UNSIGNED NOT NULL,
  `model_type` varchar(255) NOT NULL,
  `model_id` bigint(20) UNSIGNED NOT NULL
) ENGINE=InnoDB DEFAULT CHARSET=utf8mb4 COLLATE=utf8mb4_unicode_ci;

--
-- Dumping data for table `model_has_roles`
--

INSERT INTO `model_has_roles` (`role_id`, `model_type`, `model_id`) VALUES
(1, 'App\\Models\\User', 3),
(1, 'App\\Models\\User', 5),
(3, 'App\\Models\\User', 6);

-- --------------------------------------------------------

--
-- Table structure for table `password_resets`
--

CREATE TABLE `password_resets` (
  `email` varchar(255) NOT NULL,
  `token` varchar(255) NOT NULL,
  `created_at` timestamp NULL DEFAULT NULL
) ENGINE=InnoDB DEFAULT CHARSET=utf8mb4 COLLATE=utf8mb4_unicode_ci;

-- --------------------------------------------------------

--
-- Table structure for table `permissions`
--

CREATE TABLE `permissions` (
  `id` bigint(20) UNSIGNED NOT NULL,
  `name` varchar(255) NOT NULL,
  `guard_name` varchar(255) NOT NULL,
  `created_at` timestamp NULL DEFAULT NULL,
  `updated_at` timestamp NULL DEFAULT NULL
) ENGINE=InnoDB DEFAULT CHARSET=utf8mb4 COLLATE=utf8mb4_unicode_ci;

--
-- Dumping data for table `permissions`
--

INSERT INTO `permissions` (`id`, `name`, `guard_name`, `created_at`, `updated_at`) VALUES
(1, 'role-list', 'web', NULL, NULL),
(3, 'role-create', 'web', '2022-10-13 21:02:33', '2022-10-13 21:02:33'),
(4, 'role-delete', 'web', '2022-10-13 21:02:33', '2022-10-13 21:02:33'),
(5, 'role-edit', 'web', '2022-10-13 21:02:33', '2022-10-13 21:02:33'),
(6, 'user-create', 'web', '2022-10-13 21:02:33', '2022-10-13 21:02:33'),
(7, 'user-delete', 'web', '2022-10-13 21:02:33', '2022-10-13 21:02:33'),
(8, 'user-list', 'web', '2022-10-13 21:02:33', '2022-10-13 21:02:33'),
(9, 'user-edit', 'web', '2022-10-13 21:02:33', '2022-10-13 21:02:33'),
(10, 'user-sidebar', 'web', '2022-10-13 21:02:33', '2023-02-01 04:05:19'),
(11, 'roles-and-permission-sidebar', 'web', '2022-10-13 21:02:33', '2022-10-13 21:02:33'),
(13, 'dashboard-permission', 'web', '2022-10-13 21:02:33', '2022-10-13 21:02:33'),
(16, 'permission-list', 'web', '2023-02-01 04:28:30', '2023-02-01 04:28:30'),
(17, 'permission-create', 'web', '2023-02-01 04:28:43', '2023-02-01 04:28:43'),
(18, 'permission-edit', 'web', '2023-02-01 04:28:55', '2023-02-01 04:28:55'),
(19, 'permission-delete', 'web', '2023-02-01 04:29:08', '2023-02-01 04:29:08'),
(20, 'contacts-list', 'web', '2023-10-02 04:36:40', '2023-10-02 04:36:40'),
(21, 'frontend', 'web', '2023-10-03 17:11:19', '2023-10-03 17:11:19'),
(22, 'category-sidebar', 'web', '2023-10-03 18:04:28', '2023-10-03 18:04:28'),
(23, 'category-list', 'web', '2023-10-03 18:04:47', '2023-10-03 18:04:47'),
(24, 'category-create', 'web', '2023-10-03 18:04:58', '2023-10-03 18:04:58'),
(25, 'category-edit', 'web', '2023-10-03 18:05:06', '2023-10-03 18:05:06'),
(26, 'category-delete', 'web', '2023-10-03 18:05:14', '2023-10-03 18:05:14');

-- --------------------------------------------------------

--
-- Table structure for table `personal_access_tokens`
--

CREATE TABLE `personal_access_tokens` (
  `id` bigint(20) UNSIGNED NOT NULL,
  `tokenable_type` varchar(255) NOT NULL,
  `tokenable_id` bigint(20) UNSIGNED NOT NULL,
  `name` varchar(255) NOT NULL,
  `token` varchar(64) NOT NULL,
  `abilities` text DEFAULT NULL,
  `last_used_at` timestamp NULL DEFAULT NULL,
  `expires_at` timestamp NULL DEFAULT NULL,
  `created_at` timestamp NULL DEFAULT NULL,
  `updated_at` timestamp NULL DEFAULT NULL
) ENGINE=InnoDB DEFAULT CHARSET=utf8mb4 COLLATE=utf8mb4_unicode_ci;

-- --------------------------------------------------------

--
-- Table structure for table `projects`
--

CREATE TABLE `projects` (
  `id` bigint(20) UNSIGNED NOT NULL,
  `created_by` int(11) NOT NULL,
  `company_id` int(11) DEFAULT NULL,
  `projectname` varchar(255) NOT NULL,
  `created_at` timestamp NULL DEFAULT NULL,
  `updated_at` timestamp NULL DEFAULT NULL
) ENGINE=InnoDB DEFAULT CHARSET=utf8mb4 COLLATE=utf8mb4_unicode_ci;

--
-- Dumping data for table `projects`
--

INSERT INTO `projects` (`id`, `created_by`, `company_id`, `projectname`, `created_at`, `updated_at`) VALUES
(3, 6, 3, 'Pixelssoft', '2023-10-10 17:21:21', '2023-10-10 19:38:57');

-- --------------------------------------------------------

--
-- Table structure for table `roles`
--

CREATE TABLE `roles` (
  `id` bigint(20) UNSIGNED NOT NULL,
  `name` varchar(255) NOT NULL,
  `guard_name` varchar(255) NOT NULL,
  `created_at` timestamp NULL DEFAULT NULL,
  `updated_at` timestamp NULL DEFAULT NULL
) ENGINE=InnoDB DEFAULT CHARSET=utf8mb4 COLLATE=utf8mb4_unicode_ci;

--
-- Dumping data for table `roles`
--

INSERT INTO `roles` (`id`, `name`, `guard_name`, `created_at`, `updated_at`) VALUES
(1, 'Admin', 'web', '2022-10-13 15:49:07', '2022-10-13 15:49:07'),
(2, 'Manager', 'web', '2023-10-02 05:26:53', '2023-10-02 05:26:53'),
(3, 'users', 'web', '2023-10-03 17:11:33', '2023-10-03 17:11:33');

-- --------------------------------------------------------

--
-- Table structure for table `role_has_permissions`
--

CREATE TABLE `role_has_permissions` (
  `permission_id` bigint(20) UNSIGNED NOT NULL,
  `role_id` bigint(20) UNSIGNED NOT NULL
) ENGINE=InnoDB DEFAULT CHARSET=utf8mb4 COLLATE=utf8mb4_unicode_ci;

--
-- Dumping data for table `role_has_permissions`
--

INSERT INTO `role_has_permissions` (`permission_id`, `role_id`) VALUES
(1, 1),
(3, 1),
(4, 1),
(5, 1),
(6, 1),
(6, 2),
(7, 1),
(7, 2),
(8, 1),
(8, 2),
(9, 1),
(9, 2),
(10, 1),
(10, 2),
(11, 1),
(13, 1),
(16, 1),
(17, 1),
(18, 1),
(19, 1),
(21, 3),
(22, 1),
(23, 1),
(24, 1),
(25, 1),
(26, 1);

-- --------------------------------------------------------

--
-- Table structure for table `skills`
--

CREATE TABLE `skills` (
  `id` bigint(20) UNSIGNED NOT NULL,
  `title` varchar(255) NOT NULL,
  `created_by` int(11) NOT NULL,
  `category_id` int(11) NOT NULL,
  `slug` varchar(255) DEFAULT NULL,
  `created_at` timestamp NULL DEFAULT NULL,
  `updated_at` timestamp NULL DEFAULT NULL
) ENGINE=InnoDB DEFAULT CHARSET=utf8mb4 COLLATE=utf8mb4_unicode_ci;

--
-- Dumping data for table `skills`
--

INSERT INTO `skills` (`id`, `title`, `created_by`, `category_id`, `slug`, `created_at`, `updated_at`) VALUES
(1, 'tesyh', 3, 7, 'tesyh', '2023-10-11 21:24:59', '2023-10-11 21:24:59'),
(2, '1141231', 3, 7, '1141231', '2023-10-11 21:32:52', '2023-10-11 21:32:52');

-- --------------------------------------------------------

--
-- Table structure for table `users`
--

CREATE TABLE `users` (
  `id` bigint(20) UNSIGNED NOT NULL,
  `name` varchar(255) NOT NULL,
  `email` varchar(255) NOT NULL,
  `email_verified_at` timestamp NULL DEFAULT NULL,
  `password` varchar(255) NOT NULL,
  `remember_token` varchar(100) DEFAULT NULL,
  `created_at` timestamp NULL DEFAULT NULL,
  `updated_at` timestamp NULL DEFAULT NULL
) ENGINE=InnoDB DEFAULT CHARSET=utf8mb4 COLLATE=utf8mb4_unicode_ci;

--
-- Dumping data for table `users`
--

INSERT INTO `users` (`id`, `name`, `email`, `email_verified_at`, `password`, `remember_token`, `created_at`, `updated_at`) VALUES
(3, 'Admin', 'info@admin.com', NULL, '$2y$10$/PJeuTF9XwhHUIGM.ji.aucbNGu4/0g1Qy5anlX62EChVBwlyDLii', '3FN1Xlweoa71bmZYS51U0iRbPjnGa51Bre0HRdzOc5JeSLzVhRHioeuuMLt9', '2022-10-13 15:52:38', '2022-11-01 14:44:14'),
(5, 'Naveed Ullah', 'naveedullahhere@gmail.com', NULL, '$2y$10$XFHIdT.BPnIvPYL516X49e8JgV8DPZDa.m9zBfG6BSFob3Is8idQK', '0PeFlqnJqleCZC6GrNdph1GgnO2tIa2tlctmT3EjOr1hXos7VS4rrBuATqHN', '2022-10-13 16:43:48', '2023-02-01 03:14:59'),
(6, 'user', 'user@gmail.com', NULL, '$2y$10$FOQBB/X1YGcIVE0OREh07uZ6egS/0aJJ8rhewnhWTxwLmrKOwhkRW', NULL, '2023-10-03 17:12:05', '2023-10-03 17:12:05');

--
-- Indexes for dumped tables
--

--
-- Indexes for table `appearances`
--
ALTER TABLE `appearances`
  ADD PRIMARY KEY (`id`);

--
-- Indexes for table `categories`
--
ALTER TABLE `categories`
  ADD PRIMARY KEY (`id`);

--
-- Indexes for table `companies`
--
ALTER TABLE `companies`
  ADD PRIMARY KEY (`id`);

--
-- Indexes for table `flex_pools`
--
ALTER TABLE `flex_pools`
  ADD PRIMARY KEY (`id`);

--
-- Indexes for table `lafasta_access`
--
ALTER TABLE `lafasta_access`
  ADD PRIMARY KEY (`id`);

--
-- Indexes for table `migrations`
--
ALTER TABLE `migrations`
  ADD PRIMARY KEY (`id`);

--
-- Indexes for table `password_resets`
--
ALTER TABLE `password_resets`
  ADD KEY `password_resets_email_index` (`email`(191));

--
-- Indexes for table `permissions`
--
ALTER TABLE `permissions`
  ADD PRIMARY KEY (`id`);

--
-- Indexes for table `personal_access_tokens`
--
ALTER TABLE `personal_access_tokens`
  ADD PRIMARY KEY (`id`),
  ADD UNIQUE KEY `personal_access_tokens_token_unique` (`token`),
  ADD KEY `personal_access_tokens_tokenable_type_tokenable_id_index` (`tokenable_type`(191),`tokenable_id`);

--
-- Indexes for table `projects`
--
ALTER TABLE `projects`
  ADD PRIMARY KEY (`id`);

--
-- Indexes for table `roles`
--
ALTER TABLE `roles`
  ADD PRIMARY KEY (`id`);

--
-- Indexes for table `role_has_permissions`
--
ALTER TABLE `role_has_permissions`
  ADD PRIMARY KEY (`permission_id`,`role_id`),
  ADD KEY `role_has_permissions_role_id_foreign` (`role_id`);

--
-- Indexes for table `skills`
--
ALTER TABLE `skills`
  ADD PRIMARY KEY (`id`);

--
-- Indexes for table `users`
--
ALTER TABLE `users`
  ADD PRIMARY KEY (`id`);

--
-- AUTO_INCREMENT for dumped tables
--

--
-- AUTO_INCREMENT for table `appearances`
--
ALTER TABLE `appearances`
  MODIFY `id` bigint(20) UNSIGNED NOT NULL AUTO_INCREMENT;

--
-- AUTO_INCREMENT for table `categories`
--
ALTER TABLE `categories`
  MODIFY `id` bigint(20) UNSIGNED NOT NULL AUTO_INCREMENT, AUTO_INCREMENT=9;

--
-- AUTO_INCREMENT for table `companies`
--
ALTER TABLE `companies`
  MODIFY `id` bigint(20) UNSIGNED NOT NULL AUTO_INCREMENT, AUTO_INCREMENT=8;

--
-- AUTO_INCREMENT for table `flex_pools`
--
ALTER TABLE `flex_pools`
  MODIFY `id` bigint(20) UNSIGNED NOT NULL AUTO_INCREMENT, AUTO_INCREMENT=9;

--
-- AUTO_INCREMENT for table `lafasta_access`
--
ALTER TABLE `lafasta_access`
  MODIFY `id` bigint(20) UNSIGNED NOT NULL AUTO_INCREMENT, AUTO_INCREMENT=38;

--
-- AUTO_INCREMENT for table `migrations`
--
ALTER TABLE `migrations`
  MODIFY `id` int(10) UNSIGNED NOT NULL AUTO_INCREMENT, AUTO_INCREMENT=17;

--
-- AUTO_INCREMENT for table `permissions`
--
ALTER TABLE `permissions`
  MODIFY `id` bigint(20) UNSIGNED NOT NULL AUTO_INCREMENT, AUTO_INCREMENT=27;

--
-- AUTO_INCREMENT for table `personal_access_tokens`
--
ALTER TABLE `personal_access_tokens`
  MODIFY `id` bigint(20) UNSIGNED NOT NULL AUTO_INCREMENT;

--
-- AUTO_INCREMENT for table `projects`
--
ALTER TABLE `projects`
  MODIFY `id` bigint(20) UNSIGNED NOT NULL AUTO_INCREMENT, AUTO_INCREMENT=4;

--
-- AUTO_INCREMENT for table `roles`
--
ALTER TABLE `roles`
  MODIFY `id` bigint(20) UNSIGNED NOT NULL AUTO_INCREMENT, AUTO_INCREMENT=4;

--
-- AUTO_INCREMENT for table `skills`
--
ALTER TABLE `skills`
  MODIFY `id` bigint(20) UNSIGNED NOT NULL AUTO_INCREMENT, AUTO_INCREMENT=3;

--
-- AUTO_INCREMENT for table `users`
--
ALTER TABLE `users`
  MODIFY `id` bigint(20) UNSIGNED NOT NULL AUTO_INCREMENT, AUTO_INCREMENT=7;
COMMIT;

/*!40101 SET CHARACTER_SET_CLIENT=@OLD_CHARACTER_SET_CLIENT */;
/*!40101 SET CHARACTER_SET_RESULTS=@OLD_CHARACTER_SET_RESULTS */;
/*!40101 SET COLLATION_CONNECTION=@OLD_COLLATION_CONNECTION */;
